timestamp,source,symbol,alert_type,price,buy_zone_low,buy_zone_high,sell_zone_low,sell_zone_high,stoploss,position_qty,position_avg_price,decision_mode,market_regime,reason,message
2026-06-03 09:23:09,V18.2 ENTRY,IDI,🟢 PULLBACK VÙNG MUA,5.92,5.79,5.97,,,5.7,,,LEGACY WATCH MODE,UNKNOWN,✅ Volume chấp nhận được | ✅ Giá không quá xa VWAP | ⚠ Bị giới hạn bởi upstream/safety: LEGACY WATCH MODE,"🔴 <b>IDI</b> — <b>🟢 PULLBACK VÙNG MUA</b>  <b>KẾT LUẬN:</b> <b>KHÔNG VÀO</b>  <b>ĐỘ TIN CẬY:</b> <b>MEDIUM</b> <b>SIZE GỢI Ý:</b> <b>0%</b>  <b>3 LÝ DO CHÍNH:</b> ✅ Volume chấp nhận được ✅ Giá không quá xa VWAP ⚠ Bị giới hạn bởi upstream/safety: LEGACY WATCH MODE  <b>Risk Gate:</b> Final: <b>WATCHLIST</b> | Mode: <b>LEGACY WATCH MODE</b> Meta Allocation: <b>1.00%</b> | Meta Exposure: <b>0.0000</b>  <b>Execution:</b> Quality: <b>KHÁ</b> | Score: <b>65</b> Giá: <b>5.92</b> VWAP: <b>5.92</b> Volume ratio: <b>1.50</b>  <b>VN Trade Safety:</b> Thanh khoản: <b>MỎNG</b> | GTGD 20p: <b>2.4 tỷ/ngày</b> Exit risk: <b>CAO</b> | Safety score: <b>55</b>  <b>Sector Money Flow:</b> Ngành: <b>Thủy sản</b> | Flow: <b>YẾU</b> | Score: <b>24.7</b> Rank: <b>3/4</b> | Leader: <b>ASM, VHC, IDI</b> Ghi chú: Ngành yếu, hạn chế mua mới hoặc mua thêm. Biến động intraday: <b>0.68%</b> Buy zone: 5.79 - 5.97 Stoploss: 5.7 Cooldown: <b>30 phút</b>  <b>V20.2 Context Filter:</b> Action: <b>KEEP</b> Penalty: <b>0</b> Lý do:  Time: 2026-06-03 09:23:08"
2026-06-03 09:26:25,V18.2 ENTRY,ELC,🟢 PULLBACK VÙNG MUA,15.9,15.76,16.24,,,15.52,,,LEGACY WATCH MODE,UNKNOWN,❌ Volume yếu | ✅ Giá không quá xa VWAP | ✅ Giá nằm trong vùng mua,"🔴 <b>ELC</b> — <b>🟢 PULLBACK VÙNG MUA</b>  <b>KẾT LUẬN:</b> <b>KHÔNG VÀO</b>  <b>ĐỘ TIN CẬY:</b> <b>HIGH</b> <b>SIZE GỢI Ý:</b> <b>0%</b>  <b>3 LÝ DO CHÍNH:</b> ❌ Volume yếu ✅ Giá không quá xa VWAP ✅ Giá nằm trong vùng mua  <b>Risk Gate:</b> Final: <b>WATCHLIST</b> | Mode: <b>LEGACY WATCH MODE</b> Meta Allocation: <b>1.00%</b> | Meta Exposure: <b>0.0000</b>  <b>Execution:</b> Quality: <b>TRUNG TÍNH</b> | Score: <b>45</b> Giá: <b>15.90</b> VWAP: <b>15.92</b> Volume ratio: <b>1.00</b>  <b>VN Trade Safety:</b> Thanh khoản: <b>MỎNG</b> | GTGD 20p: <b>7.8 tỷ/ngày</b> Exit risk: <b>CAO</b> | Safety score: <b>55</b>  <b>Sector Money Flow:</b> Ngành: <b>Công nghệ</b> | Flow: <b>KHÁ</b> | Score: <b>63.6</b> Rank: <b>3/3</b> | Leader: <b>CMG, FPT, ELC</b> Ghi chú: Ngành khá ổn, có thể ủng hộ tín hiệu nếu mã không quá đuổi giá. Biến động intraday: <b>-0.62%</b> Buy zone: 15.76 - 16.24 Stoploss: 15.52 Cooldown: <b>30 phút</b>  <b>V20.2 Context Filter:</b> Action: <b>KEEP</b> Penalty: <b>0</b> Lý do:  Time: 2026-06-03 09:26:24"
2026-06-03 09:32:44,V18.2 ENTRY,KSB,🟢 PULLBACK VÙNG MUA,15.05,14.87,15.33,,,14.65,,,LEGACY WATCH MODE,UNKNOWN,❌ Volume yếu | ✅ Giá không quá xa VWAP | ✅ Giá nằm trong vùng mua,"🔴 <b>KSB</b> — <b>🟢 PULLBACK VÙNG MUA</b>  <b>KẾT LUẬN:</b> <b>KHÔNG VÀO</b>  <b>ĐỘ TIN CẬY:</b> <b>HIGH</b> <b>SIZE GỢI Ý:</b> <b>0%</b>  <b>3 LÝ DO CHÍNH:</b> ❌ Volume yếu ✅ Giá không quá xa VWAP ✅ Giá nằm trong vùng mua  <b>Risk Gate:</b> Final: <b>WATCHLIST</b> | Mode: <b>LEGACY WATCH MODE</b> Meta Allocation: <b>1.00%</b> | Meta Exposure: <b>0.0000</b>  <b>Execution:</b> Quality: <b>TRUNG TÍNH</b> | Score: <b>45</b> Giá: <b>15.05</b> VWAP: <b>15.07</b> Volume ratio: <b>0.99</b>  <b>VN Trade Safety:</b> Thanh khoản: <b>MỎNG</b> | GTGD 20p: <b>8.7 tỷ/ngày</b> Exit risk: <b>CAO</b> | Safety score: <b>55</b>  <b>Sector Money Flow:</b> Ngành: <b>Vật liệu xây dựng</b> | Flow: <b>YẾU</b> | Score: <b>35.4</b> Rank: <b>2/3</b> | Leader: <b>DHA, KSB, C32</b> Ghi chú: Ngành yếu, hạn chế mua mới hoặc mua thêm. Biến động intraday: <b>-0.33%</b> Buy zone: 14.87 - 15.33 Stoploss: 14.65 Cooldown: <b>30 phút</b>  <b>V20.2 Context Filter:</b> Action: <b>KEEP</b> Penalty: <b>10</b> Lý do: Volume yếu 0.99x Time: 2026-06-03 09:32:44"
2026-06-03 09:36:00,V18.2 ENTRY,CTR,🟢 PULLBACK VÙNG MUA,89.3,88.06,90.74,,,86.72,,,LEGACY WATCH MODE,UNKNOWN,❌ Volume yếu | ✅ Giá không quá xa VWAP | ✅ Giá nằm trong vùng mua,"⚪ <b>CTR</b> — <b>🟢 PULLBACK VÙNG MUA</b>  <b>KẾT LUẬN:</b> <b>WATCH</b>  <b>ĐỘ TIN CẬY:</b> <b>LOW</b> <b>SIZE GỢI Ý:</b> <b>0% - chỉ quan sát</b>  <b>3 LÝ DO CHÍNH:</b> ❌ Volume yếu ✅ Giá không quá xa VWAP ✅ Giá nằm trong vùng mua  <b>Risk Gate:</b> Final: <b>WATCHLIST</b> | Mode: <b>LEGACY WATCH MODE</b> Meta Allocation: <b>1.00%</b> | Meta Exposure: <b>0.0000</b>  <b>Execution:</b> Quality: <b>TRUNG TÍNH</b> | Score: <b>45</b> Giá: <b>89.30</b> VWAP: <b>89.26</b> Volume ratio: <b>0.32</b>  <b>VN Trade Safety:</b> Thanh khoản: <b>TRUNG BÌNH</b> | GTGD 20p: <b>48.4 tỷ/ngày</b> Exit risk: <b>TRUNG BÌNH</b> | Safety score: <b>90</b>  <b>Sector Money Flow:</b> Ngành: <b>Viễn thông - Hạ tầng</b> | Flow: <b>KHÁ</b> | Score: <b>70.9</b> Rank: <b>1/1</b> | Leader: <b>CTR</b> Ghi chú: Ngành khá ổn, có thể ủng hộ tín hiệu nếu mã không quá đuổi giá. Biến động intraday: <b>-0.11%</b> Buy zone: 88.06 - 90.74 Stoploss: 86.72 Cooldown: <b>30 phút</b>  <b>V20.2 Context Filter:</b> Action: <b>KEEP</b> Penalty: <b>10</b> Lý do: Volume yếu 0.32x Time: 2026-06-03 09:35:59"
2026-06-03 10:04:14,V18.2 ENTRY,KSB,🟢 PULLBACK VÙNG MUA,14.95,14.87,15.33,,,14.65,,,LEGACY WATCH MODE,UNKNOWN,❌ Giá dưới VWAP | ✅ Volume chấp nhận được | ✅ Giá nằm trong vùng mua,"🔴 <b>KSB</b> — <b>🟢 PULLBACK VÙNG MUA</b>  <b>KẾT LUẬN:</b> <b>KHÔNG VÀO</b>  <b>ĐỘ TIN CẬY:</b> <b>HIGH</b> <b>SIZE GỢI Ý:</b> <b>0%</b>  <b>3 LÝ DO CHÍNH:</b> ❌ Giá dưới VWAP ✅ Volume chấp nhận được ✅ Giá nằm trong vùng mua  <b>Risk Gate:</b> Final: <b>WATCHLIST</b> | Mode: <b>LEGACY WATCH MODE</b> Meta Allocation: <b>1.00%</b> | Meta Exposure: <b>0.0000</b>  <b>Execution:</b> Quality: <b>TRUNG TÍNH</b> | Score: <b>45</b> Giá: <b>14.95</b> VWAP: <b>15.00</b> Volume ratio: <b>1.32</b>  <b>VN Trade Safety:</b> Thanh khoản: <b>MỎNG</b> | GTGD 20p: <b>8.7 tỷ/ngày</b> Exit risk: <b>CAO</b> | Safety score: <b>55</b>  <b>Sector Money Flow:</b> Ngành: <b>Vật liệu xây dựng</b> | Flow: <b>YẾU</b> | Score: <b>35.4</b> Rank: <b>2/3</b> | Leader: <b>DHA, KSB, C32</b> Ghi chú: Ngành yếu, hạn chế mua mới hoặc mua thêm. Biến động intraday: <b>-0.99%</b> Buy zone: 14.87 - 15.33 Stoploss: 14.65 Cooldown: <b>30 phút</b>  <b>V20.2 Context Filter:</b> Action: <b>KEEP</b> Penalty: <b>0</b> Lý do:  Time: 2026-06-03 10:04:14"
2026-06-03 10:16:51,V18.2 ENTRY,ASM,🟢 PULLBACK VÙNG MUA,5.95,5.77,5.95,,,5.68,,,LEGACY WATCH MODE,UNKNOWN,❌ Giá dưới VWAP | ✅ Volume mạnh | ✅ Giá nằm trong vùng mua,"🔴 <b>ASM</b> — <b>🟢 PULLBACK VÙNG MUA</b>  <b>KẾT LUẬN:</b> <b>KHÔNG VÀO</b>  <b>ĐỘ TIN CẬY:</b> <b>HIGH</b> <b>SIZE GỢI Ý:</b> <b>0%</b>  <b>3 LÝ DO CHÍNH:</b> ❌ Giá dưới VWAP ✅ Volume mạnh ✅ Giá nằm trong vùng mua  <b>Risk Gate:</b> Final: <b>WATCHLIST</b> | Mode: <b>LEGACY WATCH MODE</b> Meta Allocation: <b>1.00%</b> | Meta Exposure: <b>0.0000</b>  <b>Execution:</b> Quality: <b>TRUNG TÍNH</b> | Score: <b>55</b> Giá: <b>5.95</b> VWAP: <b>5.99</b> Volume ratio: <b>2.63</b>  <b>VN Trade Safety:</b> Thanh khoản: <b>MỎNG</b> | GTGD 20p: <b>2.5 tỷ/ngày</b> Exit risk: <b>CAO</b> | Safety score: <b>35</b>  <b>Sector Money Flow:</b> Ngành: <b>Thủy sản</b> | Flow: <b>YẾU</b> | Score: <b>24.7</b> Rank: <b>1/4</b> | Leader: <b>ASM, VHC, IDI</b> Ghi chú: Ngành yếu, hạn chế mua mới hoặc mua thêm. Biến động intraday: <b>1.54%</b> Buy zone: 5.77 - 5.95 Stoploss: 5.68 Cooldown: <b>30 phút</b>  <b>V20.2 Context Filter:</b> Action: <b>KEEP</b> Penalty: <b>0</b> Lý do:  Time: 2026-06-03 10:16:50"
2026-06-03 10:23:18,V18.2 ENTRY,CTR,🟢 PULLBACK VÙNG MUA,89.4,88.06,90.74,,,86.72,,,LEGACY WATCH MODE,UNKNOWN,❌ Volume yếu | ✅ Giá không quá xa VWAP | ✅ Giá nằm trong vùng mua,"⚪ <b>CTR</b> — <b>🟢 PULLBACK VÙNG MUA</b>  <b>KẾT LUẬN:</b> <b>WATCH</b>  <b>ĐỘ TIN CẬY:</b> <b>LOW</b> <b>SIZE GỢI Ý:</b> <b>0% - chỉ quan sát</b>  <b>3 LÝ DO CHÍNH:</b> ❌ Volume yếu ✅ Giá không quá xa VWAP ✅ Giá nằm trong vùng mua  <b>Risk Gate:</b> Final: <b>WATCHLIST</b> | Mode: <b>LEGACY WATCH MODE</b> Meta Allocation: <b>1.00%</b> | Meta Exposure: <b>0.0000</b>  <b>Execution:</b> Quality: <b>TRUNG TÍNH</b> | Score: <b>45</b> Giá: <b>89.40</b> VWAP: <b>89.17</b> Volume ratio: <b>0.83</b>  <b>VN Trade Safety:</b> Thanh khoản: <b>TRUNG BÌNH</b> | GTGD 20p: <b>48.4 tỷ/ngày</b> Exit risk: <b>TRUNG BÌNH</b> | Safety score: <b>90</b>  <b>Sector Money Flow:</b> Ngành: <b>Viễn thông - Hạ tầng</b> | Flow: <b>KHÁ</b> | Score: <b>70.9</b> Rank: <b>1/1</b> | Leader: <b>CTR</b> Ghi chú: Ngành khá ổn, có thể ủng hộ tín hiệu nếu mã không quá đuổi giá. Biến động intraday: <b>0.00%</b> Buy zone: 88.06 - 90.74 Stoploss: 86.72 Cooldown: <b>30 phút</b>  <b>V20.2 Context Filter:</b> Action: <b>KEEP</b> Penalty: <b>10</b> Lý do: Volume yếu 0.83x Time: 2026-06-03 10:23:17"
2026-06-03 10:26:34,V18.2 ENTRY,IDI,🟢 PULLBACK VÙNG MUA,5.89,5.79,5.97,,,5.7,,,LEGACY WATCH MODE,UNKNOWN,❌ Volume yếu | ✅ Giá không quá xa VWAP | ✅ Giá nằm trong vùng mua,"🔴 <b>IDI</b> — <b>🟢 PULLBACK VÙNG MUA</b>  <b>KẾT LUẬN:</b> <b>KHÔNG VÀO</b>  <b>ĐỘ TIN CẬY:</b> <b>HIGH</b> <b>SIZE GỢI Ý:</b> <b>0%</b>  <b>3 LÝ DO CHÍNH:</b> ❌ Volume yếu ✅ Giá không quá xa VWAP ✅ Giá nằm trong vùng mua  <b>Risk Gate:</b> Final: <b>WATCHLIST</b> | Mode: <b>LEGACY WATCH MODE</b> Meta Allocation: <b>1.00%</b> | Meta Exposure: <b>0.0000</b>  <b>Execution:</b> Quality: <b>TRUNG TÍNH</b> | Score: <b>45</b> Giá: <b>5.89</b> VWAP: <b>5.89</b> Volume ratio: <b>0.11</b>  <b>VN Trade Safety:</b> Thanh khoản: <b>MỎNG</b> | GTGD 20p: <b>2.4 tỷ/ngày</b> Exit risk: <b>CAO</b> | Safety score: <b>55</b>  <b>Sector Money Flow:</b> Ngành: <b>Thủy sản</b> | Flow: <b>YẾU</b> | Score: <b>24.7</b> Rank: <b>3/4</b> | Leader: <b>ASM, VHC, IDI</b> Ghi chú: Ngành yếu, hạn chế mua mới hoặc mua thêm. Biến động intraday: <b>0.17%</b> Buy zone: 5.79 - 5.97 Stoploss: 5.7 Cooldown: <b>30 phút</b>  <b>V20.2 Context Filter:</b> Action: <b>KEEP</b> Penalty: <b>10</b> Lý do: Volume yếu 0.11x Time: 2026-06-03 10:26:33"
2026-06-03 10:29:51,V18.2 ENTRY,ELC,🟢 PULLBACK VÙNG MUA,16.15,15.76,16.24,,,15.52,,,LEGACY WATCH MODE,UNKNOWN,❌ Volume yếu | ✅ Giá không quá xa VWAP | ✅ Giá nằm trong vùng mua,"🔴 <b>ELC</b> — <b>🟢 PULLBACK VÙNG MUA</b>  <b>KẾT LUẬN:</b> <b>KHÔNG VÀO</b>  <b>ĐỘ TIN CẬY:</b> <b>HIGH</b> <b>SIZE GỢI Ý:</b> <b>0%</b>  <b>3 LÝ DO CHÍNH:</b> ❌ Volume yếu ✅ Giá không quá xa VWAP ✅ Giá nằm trong vùng mua  <b>Risk Gate:</b> Final: <b>WATCHLIST</b> | Mode: <b>LEGACY WATCH MODE</b> Meta Allocation: <b>1.00%</b> | Meta Exposure: <b>0.0000</b>  <b>Execution:</b> Quality: <b>TRUNG TÍNH</b> | Score: <b>45</b> Giá: <b>16.15</b> VWAP: <b>16.16</b> Volume ratio: <b>0.14</b>  <b>VN Trade Safety:</b> Thanh khoản: <b>MỎNG</b> | GTGD 20p: <b>7.8 tỷ/ngày</b> Exit risk: <b>CAO</b> | Safety score: <b>55</b>  <b>Sector Money Flow:</b> Ngành: <b>Công nghệ</b> | Flow: <b>KHÁ</b> | Score: <b>63.6</b> Rank: <b>3/3</b> | Leader: <b>CMG, FPT, ELC</b> Ghi chú: Ngành khá ổn, có thể ủng hộ tín hiệu nếu mã không quá đuổi giá. Biến động intraday: <b>0.94%</b> Buy zone: 15.76 - 16.24 Stoploss: 15.52 Cooldown: <b>30 phút</b>  <b>V20.2 Context Filter:</b> Action: <b>KEEP</b> Penalty: <b>10</b> Lý do: Volume yếu 0.14x Time: 2026-06-03 10:29:50"
2026-06-03 10:51:48,V18.2 ENTRY,KSB,🟢 PULLBACK VÙNG MUA,14.95,14.87,15.33,,,14.65,,,LEGACY WATCH MODE,UNKNOWN,❌ Giá dưới VWAP | ✅ Volume mạnh | ✅ Giá nằm trong vùng mua,"🔴 <b>KSB</b> — <b>🟢 PULLBACK VÙNG MUA</b>  <b>KẾT LUẬN:</b> <b>KHÔNG VÀO</b>  <b>ĐỘ TIN CẬY:</b> <b>HIGH</b> <b>SIZE GỢI Ý:</b> <b>0%</b>  <b>3 LÝ DO CHÍNH:</b> ❌ Giá dưới VWAP ✅ Volume mạnh ✅ Giá nằm trong vùng mua  <b>Risk Gate:</b> Final: <b>WATCHLIST</b> | Mode: <b>LEGACY WATCH MODE</b> Meta Allocation: <b>1.00%</b> | Meta Exposure: <b>0.0000</b>  <b>Execution:</b> Quality: <b>TRUNG TÍNH</b> | Score: <b>55</b> Giá: <b>14.95</b> VWAP: <b>15.00</b> Volume ratio: <b>4.18</b>  <b>VN Trade Safety:</b> Thanh khoản: <b>MỎNG</b> | GTGD 20p: <b>8.7 tỷ/ngày</b> Exit risk: <b>CAO</b> | Safety score: <b>55</b>  <b>Sector Money Flow:</b> Ngành: <b>Vật liệu xây dựng</b> | Flow: <b>YẾU</b> | Score: <b>35.4</b> Rank: <b>2/3</b> | Leader: <b>DHA, KSB, C32</b> Ghi chú: Ngành yếu, hạn chế mua mới hoặc mua thêm. Biến động intraday: <b>-0.99%</b> Buy zone: 14.87 - 15.33 Stoploss: 14.65 Cooldown: <b>30 phút</b>  <b>V20.2 Context Filter:</b> Action: <b>DOWNGRADE_ONE</b> Penalty: <b>25</b> Lý do: Volume spike 4.18x Time: 2026-06-03 10:51:47"
2026-06-03 10:54:59,V18.2 ENTRY,CTR,🟢 PULLBACK VÙNG MUA,88.9,88.06,90.74,,,86.72,,,LEGACY WATCH MODE,UNKNOWN,❌ Volume yếu | ✅ Giá không quá xa VWAP | ✅ Giá nằm trong vùng mua,"⚪ <b>CTR</b> — <b>🟢 PULLBACK VÙNG MUA</b>  <b>KẾT LUẬN:</b> <b>WATCH</b>  <b>ĐỘ TIN CẬY:</b> <b>LOW</b> <b>SIZE GỢI Ý:</b> <b>0% - chỉ quan sát</b>  <b>3 LÝ DO CHÍNH:</b> ❌ Volume yếu ✅ Giá không quá xa VWAP ✅ Giá nằm trong vùng mua  <b>Risk Gate:</b> Final: <b>WATCHLIST</b> | Mode: <b>LEGACY WATCH MODE</b> Meta Allocation: <b>1.00%</b> | Meta Exposure: <b>0.0000</b>  <b>Execution:</b> Quality: <b>TRUNG TÍNH</b> | Score: <b>45</b> Giá: <b>88.90</b> VWAP: <b>89.07</b> Volume ratio: <b>0.38</b>  <b>VN Trade Safety:</b> Thanh khoản: <b>TRUNG BÌNH</b> | GTGD 20p: <b>48.4 tỷ/ngày</b> Exit risk: <b>TRUNG BÌNH</b> | Safety score: <b>90</b>  <b>Sector Money Flow:</b> Ngành: <b>Viễn thông - Hạ tầng</b> | Flow: <b>KHÁ</b> | Score: <b>70.9</b> Rank: <b>1/1</b> | Leader: <b>CTR</b> Ghi chú: Ngành khá ổn, có thể ủng hộ tín hiệu nếu mã không quá đuổi giá. Biến động intraday: <b>-0.56%</b> Buy zone: 88.06 - 90.74 Stoploss: 86.72 Cooldown: <b>30 phút</b>  <b>V20.2 Context Filter:</b> Action: <b>KEEP</b> Penalty: <b>10</b> Lý do: Volume yếu 0.38x Time: 2026-06-03 10:54:58"
2026-06-03 11:01:16,V18.2 ENTRY,ELC,🟢 PULLBACK VÙNG MUA,16.1,15.76,16.24,,,15.52,,,LEGACY WATCH MODE,UNKNOWN,❌ Giá dưới VWAP | ✅ Volume mạnh | ✅ Giá nằm trong vùng mua,"🔴 <b>ELC</b> — <b>🟢 PULLBACK VÙNG MUA</b>  <b>KẾT LUẬN:</b> <b>KHÔNG VÀO</b>  <b>ĐỘ TIN CẬY:</b> <b>HIGH</b> <b>SIZE GỢI Ý:</b> <b>0%</b>  <b>3 LÝ DO CHÍNH:</b> ❌ Giá dưới VWAP ✅ Volume mạnh ✅ Giá nằm trong vùng mua  <b>Risk Gate:</b> Final: <b>WATCHLIST</b> | Mode: <b>LEGACY WATCH MODE</b> Meta Allocation: <b>1.00%</b> | Meta Exposure: <b>0.0000</b>  <b>Execution:</b> Quality: <b>TRUNG TÍNH</b> | Score: <b>55</b> Giá: <b>16.10</b> VWAP: <b>16.16</b> Volume ratio: <b>4.35</b>  <b>VN Trade Safety:</b> Thanh khoản: <b>MỎNG</b> | GTGD 20p: <b>7.8 tỷ/ngày</b> Exit risk: <b>CAO</b> | Safety score: <b>55</b>  <b>Sector Money Flow:</b> Ngành: <b>Công nghệ</b> | Flow: <b>KHÁ</b> | Score: <b>63.6</b> Rank: <b>3/3</b> | Leader: <b>CMG, FPT, ELC</b> Ghi chú: Ngành khá ổn, có thể ủng hộ tín hiệu nếu mã không quá đuổi giá. Biến động intraday: <b>0.63%</b> Buy zone: 15.76 - 16.24 Stoploss: 15.52 Cooldown: <b>30 phút</b>  <b>V20.2 Context Filter:</b> Action: <b>DOWNGRADE_ONE</b> Penalty: <b>25</b> Lý do: Volume spike 4.35x Time: 2026-06-03 11:01:16"
2026-06-03 11:04:33,V18.2 ENTRY,ASM,🟡 INTRADAY MOMENTUM + VWAP OK,5.97,5.77,5.95,,,5.68,,,LEGACY WATCH MODE,UNKNOWN,✅ Volume mạnh | ✅ Giá không quá xa VWAP | ⚠ Bị giới hạn bởi upstream/safety: LEGACY WATCH MODE,"🔴 <b>ASM</b> — <b>🟡 INTRADAY MOMENTUM + VWAP OK</b>  <b>KẾT LUẬN:</b> <b>KHÔNG VÀO</b>  <b>ĐỘ TIN CẬY:</b> <b>MEDIUM</b> <b>SIZE GỢI Ý:</b> <b>0%</b>  <b>3 LÝ DO CHÍNH:</b> ✅ Volume mạnh ✅ Giá không quá xa VWAP ⚠ Bị giới hạn bởi upstream/safety: LEGACY WATCH MODE  <b>Risk Gate:</b> Final: <b>WATCHLIST</b> | Mode: <b>LEGACY WATCH MODE</b> Meta Allocation: <b>1.00%</b> | Meta Exposure: <b>0.0000</b>  <b>Execution:</b> Quality: <b>KHÁ</b> | Score: <b>65</b> Giá: <b>5.97</b> VWAP: <b>5.98</b> Volume ratio: <b>2.04</b>  <b>VN Trade Safety:</b> Thanh khoản: <b>MỎNG</b> | GTGD 20p: <b>2.5 tỷ/ngày</b> Exit risk: <b>CAO</b> | Safety score: <b>35</b>  <b>Sector Money Flow:</b> Ngành: <b>Thủy sản</b> | Flow: <b>YẾU</b> | Score: <b>24.7</b> Rank: <b>1/4</b> | Leader: <b>ASM, VHC, IDI</b> Ghi chú: Ngành yếu, hạn chế mua mới hoặc mua thêm. Biến động intraday: <b>1.88%</b> Buy zone: 5.77 - 5.95 Stoploss: 5.68 Cooldown: <b>30 phút</b>  <b>V20.2 Context Filter:</b> Action: <b>KEEP</b> Penalty: <b>0</b> Lý do:  Time: 2026-06-03 11:04:32"
2026-06-03 11:14:03,V18.2 ENTRY,IDI,🟢 PULLBACK VÙNG MUA,5.85,5.79,5.97,,,5.7,,,LEGACY WATCH MODE,UNKNOWN,❌ Giá dưới VWAP | ✅ Volume chấp nhận được | ✅ Giá nằm trong vùng mua,"🔴 <b>IDI</b> — <b>🟢 PULLBACK VÙNG MUA</b>  <b>KẾT LUẬN:</b> <b>KHÔNG VÀO</b>  <b>ĐỘ TIN CẬY:</b> <b>HIGH</b> <b>SIZE GỢI Ý:</b> <b>0%</b>  <b>3 LÝ DO CHÍNH:</b> ❌ Giá dưới VWAP ✅ Volume chấp nhận được ✅ Giá nằm trong vùng mua  <b>Risk Gate:</b> Final: <b>WATCHLIST</b> | Mode: <b>LEGACY WATCH MODE</b> Meta Allocation: <b>1.00%</b> | Meta Exposure: <b>0.0000</b>  <b>Execution:</b> Quality: <b>TRUNG TÍNH</b> | Score: <b>45</b> Giá: <b>5.85</b> VWAP: <b>5.88</b> Volume ratio: <b>1.47</b>  <b>VN Trade Safety:</b> Thanh khoản: <b>MỎNG</b> | GTGD 20p: <b>2.4 tỷ/ngày</b> Exit risk: <b>CAO</b> | Safety score: <b>55</b>  <b>Sector Money Flow:</b> Ngành: <b>Thủy sản</b> | Flow: <b>YẾU</b> | Score: <b>24.7</b> Rank: <b>3/4</b> | Leader: <b>ASM, VHC, IDI</b> Ghi chú: Ngành yếu, hạn chế mua mới hoặc mua thêm. Biến động intraday: <b>-0.51%</b> Buy zone: 5.79 - 5.97 Stoploss: 5.7 Cooldown: <b>30 phút</b>  <b>V20.2 Context Filter:</b> Action: <b>KEEP</b> Penalty: <b>0</b> Lý do:  Time: 2026-06-03 11:14:02"
2026-06-03 11:23:34,V18.2 ENTRY,KSB,🟢 PULLBACK VÙNG MUA,15.0,14.87,15.33,,,14.65,,,LEGACY WATCH MODE,UNKNOWN,✅ Volume mạnh | ✅ Giá không quá xa VWAP | ⚠ Bị giới hạn bởi upstream/safety: LEGACY WATCH MODE,"🔴 <b>KSB</b> — <b>🟢 PULLBACK VÙNG MUA</b>  <b>KẾT LUẬN:</b> <b>KHÔNG VÀO</b>  <b>ĐỘ TIN CẬY:</b> <b>MEDIUM</b> <b>SIZE GỢI Ý:</b> <b>0%</b>  <b>3 LÝ DO CHÍNH:</b> ✅ Volume mạnh ✅ Giá không quá xa VWAP ⚠ Bị giới hạn bởi upstream/safety: LEGACY WATCH MODE  <b>Risk Gate:</b> Final: <b>WATCHLIST</b> | Mode: <b>LEGACY WATCH MODE</b> Meta Allocation: <b>1.00%</b> | Meta Exposure: <b>0.0000</b>  <b>Execution:</b> Quality: <b>KHÁ</b> | Score: <b>75</b> Giá: <b>15.00</b> VWAP: <b>15.00</b> Volume ratio: <b>2.96</b>  <b>VN Trade Safety:</b> Thanh khoản: <b>MỎNG</b> | GTGD 20p: <b>8.7 tỷ/ngày</b> Exit risk: <b>CAO</b> | Safety score: <b>55</b>  <b>Sector Money Flow:</b> Ngành: <b>Vật liệu xây dựng</b> | Flow: <b>YẾU</b> | Score: <b>35.4</b> Rank: <b>2/3</b> | Leader: <b>DHA, KSB, C32</b> Ghi chú: Ngành yếu, hạn chế mua mới hoặc mua thêm. Biến động intraday: <b>-0.66%</b> Buy zone: 14.87 - 15.33 Stoploss: 14.65 Cooldown: <b>30 phút</b>  <b>V20.2 Context Filter:</b> Action: <b>KEEP</b> Penalty: <b>0</b> Lý do:  Time: 2026-06-03 11:23:33"
2026-06-03 11:26:48,V18.2 ENTRY,CTR,🟢 PULLBACK VÙNG MUA,89.2,88.06,90.74,,,86.72,,,LEGACY WATCH MODE,UNKNOWN,❌ Volume yếu | ✅ Giá không quá xa VWAP | ✅ Giá nằm trong vùng mua,"⚪ <b>CTR</b> — <b>🟢 PULLBACK VÙNG MUA</b>  <b>KẾT LUẬN:</b> <b>WATCH</b>  <b>ĐỘ TIN CẬY:</b> <b>LOW</b> <b>SIZE GỢI Ý:</b> <b>0% - chỉ quan sát</b>  <b>3 LÝ DO CHÍNH:</b> ❌ Volume yếu ✅ Giá không quá xa VWAP ✅ Giá nằm trong vùng mua  <b>Risk Gate:</b> Final: <b>WATCHLIST</b> | Mode: <b>LEGACY WATCH MODE</b> Meta Allocation: <b>1.00%</b> | Meta Exposure: <b>0.0000</b>  <b>Execution:</b> Quality: <b>TRUNG TÍNH</b> | Score: <b>45</b> Giá: <b>89.20</b> VWAP: <b>89.00</b> Volume ratio: <b>0.54</b>  <b>VN Trade Safety:</b> Thanh khoản: <b>TRUNG BÌNH</b> | GTGD 20p: <b>48.4 tỷ/ngày</b> Exit risk: <b>TRUNG BÌNH</b> | Safety score: <b>90</b>  <b>Sector Money Flow:</b> Ngành: <b>Viễn thông - Hạ tầng</b> | Flow: <b>KHÁ</b> | Score: <b>70.9</b> Rank: <b>1/1</b> | Leader: <b>CTR</b> Ghi chú: Ngành khá ổn, có thể ủng hộ tín hiệu nếu mã không quá đuổi giá. Biến động intraday: <b>-0.22%</b> Buy zone: 88.06 - 90.74 Stoploss: 86.72 Cooldown: <b>30 phút</b>  <b>V20.2 Context Filter:</b> Action: <b>KEEP</b> Penalty: <b>10</b> Lý do: Volume yếu 0.54x Time: 2026-06-03 11:26:47"
2026-06-03 13:06:27,V18.2 ENTRY,KSB,🟢 PULLBACK VÙNG MUA,15.0,14.87,15.33,,,14.65,,,LEGACY WATCH MODE,UNKNOWN,❌ Volume yếu | ✅ Giá không quá xa VWAP | ✅ Giá nằm trong vùng mua,"🔴 <b>KSB</b> — <b>🟢 PULLBACK VÙNG MUA</b>  <b>KẾT LUẬN:</b> <b>KHÔNG VÀO</b>  <b>ĐỘ TIN CẬY:</b> <b>HIGH</b> <b>SIZE GỢI Ý:</b> <b>0%</b>  <b>3 LÝ DO CHÍNH:</b> ❌ Volume yếu ✅ Giá không quá xa VWAP ✅ Giá nằm trong vùng mua  <b>Risk Gate:</b> Final: <b>WATCHLIST</b> | Mode: <b>LEGACY WATCH MODE</b> Meta Allocation: <b>1.00%</b> | Meta Exposure: <b>0.0000</b>  <b>Execution:</b> Quality: <b>TRUNG TÍNH</b> | Score: <b>45</b> Giá: <b>15.00</b> VWAP: <b>15.00</b> Volume ratio: <b>0.75</b>  <b>VN Trade Safety:</b> Thanh khoản: <b>MỎNG</b> | GTGD 20p: <b>8.7 tỷ/ngày</b> Exit risk: <b>CAO</b> | Safety score: <b>55</b>  <b>Sector Money Flow:</b> Ngành: <b>Vật liệu xây dựng</b> | Flow: <b>YẾU</b> | Score: <b>35.4</b> Rank: <b>2/3</b> | Leader: <b>DHA, KSB, C32</b> Ghi chú: Ngành yếu, hạn chế mua mới hoặc mua thêm. Biến động intraday: <b>-0.66%</b> Buy zone: 14.87 - 15.33 Stoploss: 14.65 Cooldown: <b>30 phút</b>  <b>V20.2 Context Filter:</b> Action: <b>KEEP</b> Penalty: <b>10</b> Lý do: Volume yếu 0.75x Time: 2026-06-03 13:06:27"
2026-06-03 13:09:40,V18.2 ENTRY,CTR,🟢 PULLBACK VÙNG MUA,89.0,88.06,90.74,,,86.72,,,LEGACY WATCH MODE,UNKNOWN,❌ Volume yếu | ✅ Giá không quá xa VWAP | ✅ Giá nằm trong vùng mua,"⚪ <b>CTR</b> — <b>🟢 PULLBACK VÙNG MUA</b>  <b>KẾT LUẬN:</b> <b>WATCH</b>  <b>ĐỘ TIN CẬY:</b> <b>LOW</b> <b>SIZE GỢI Ý:</b> <b>0% - chỉ quan sát</b>  <b>3 LÝ DO CHÍNH:</b> ❌ Volume yếu ✅ Giá không quá xa VWAP ✅ Giá nằm trong vùng mua  <b>Risk Gate:</b> Final: <b>WATCHLIST</b> | Mode: <b>LEGACY WATCH MODE</b> Meta Allocation: <b>1.00%</b> | Meta Exposure: <b>0.0000</b>  <b>Execution:</b> Quality: <b>TRUNG TÍNH</b> | Score: <b>45</b> Giá: <b>89.00</b> VWAP: <b>89.04</b> Volume ratio: <b>0.69</b>  <b>VN Trade Safety:</b> Thanh khoản: <b>TRUNG BÌNH</b> | GTGD 20p: <b>48.4 tỷ/ngày</b> Exit risk: <b>TRUNG BÌNH</b> | Safety score: <b>90</b>  <b>Sector Money Flow:</b> Ngành: <b>Viễn thông - Hạ tầng</b> | Flow: <b>KHÁ</b> | Score: <b>70.9</b> Rank: <b>1/1</b> | Leader: <b>CTR</b> Ghi chú: Ngành khá ổn, có thể ủng hộ tín hiệu nếu mã không quá đuổi giá. Biến động intraday: <b>-0.45%</b> Buy zone: 88.06 - 90.74 Stoploss: 86.72 Cooldown: <b>30 phút</b>  <b>V20.2 Context Filter:</b> Action: <b>KEEP</b> Penalty: <b>10</b> Lý do: Volume yếu 0.69x Time: 2026-06-03 13:09:39"
2026-06-03 13:12:54,V18.2 ENTRY,IDI,🟢 PULLBACK VÙNG MUA,5.85,5.79,5.97,,,5.7,,,LEGACY WATCH MODE,UNKNOWN,❌ Giá dưới VWAP | ✅ Volume mạnh | ✅ Giá nằm trong vùng mua,"🔴 <b>IDI</b> — <b>🟢 PULLBACK VÙNG MUA</b>  <b>KẾT LUẬN:</b> <b>KHÔNG VÀO</b>  <b>ĐỘ TIN CẬY:</b> <b>HIGH</b> <b>SIZE GỢI Ý:</b> <b>0%</b>  <b>3 LÝ DO CHÍNH:</b> ❌ Giá dưới VWAP ✅ Volume mạnh ✅ Giá nằm trong vùng mua  <b>Risk Gate:</b> Final: <b>WATCHLIST</b> | Mode: <b>LEGACY WATCH MODE</b> Meta Allocation: <b>1.00%</b> | Meta Exposure: <b>0.0000</b>  <b>Execution:</b> Quality: <b>TRUNG TÍNH</b> | Score: <b>55</b> Giá: <b>5.85</b> VWAP: <b>5.88</b> Volume ratio: <b>2.81</b>  <b>VN Trade Safety:</b> Thanh khoản: <b>MỎNG</b> | GTGD 20p: <b>2.4 tỷ/ngày</b> Exit risk: <b>CAO</b> | Safety score: <b>55</b>  <b>Sector Money Flow:</b> Ngành: <b>Thủy sản</b> | Flow: <b>YẾU</b> | Score: <b>24.7</b> Rank: <b>3/4</b> | Leader: <b>ASM, VHC, IDI</b> Ghi chú: Ngành yếu, hạn chế mua mới hoặc mua thêm. Biến động intraday: <b>-0.51%</b> Buy zone: 5.79 - 5.97 Stoploss: 5.7 Cooldown: <b>30 phút</b>  <b>V20.2 Context Filter:</b> Action: <b>KEEP</b> Penalty: <b>0</b> Lý do:  Time: 2026-06-03 13:12:54"
2026-06-03 13:16:07,V18.2 ENTRY,ELC,🟢 PULLBACK VÙNG MUA,16.2,15.76,16.24,,,15.52,,,LEGACY WATCH MODE,UNKNOWN,❌ Volume yếu | ✅ Giá không quá xa VWAP | ✅ Giá nằm trong vùng mua,"🔴 <b>ELC</b> — <b>🟢 PULLBACK VÙNG MUA</b>  <b>KẾT LUẬN:</b> <b>KHÔNG VÀO</b>  <b>ĐỘ TIN CẬY:</b> <b>HIGH</b> <b>SIZE GỢI Ý:</b> <b>0%</b>  <b>3 LÝ DO CHÍNH:</b> ❌ Volume yếu ✅ Giá không quá xa VWAP ✅ Giá nằm trong vùng mua  <b>Risk Gate:</b> Final: <b>WATCHLIST</b> | Mode: <b>LEGACY WATCH MODE</b> Meta Allocation: <b>1.00%</b> | Meta Exposure: <b>0.0000</b>  <b>Execution:</b> Quality: <b>TRUNG TÍNH</b> | Score: <b>45</b> Giá: <b>16.20</b> VWAP: <b>16.16</b> Volume ratio: <b>0.28</b>  <b>VN Trade Safety:</b> Thanh khoản: <b>MỎNG</b> | GTGD 20p: <b>7.8 tỷ/ngày</b> Exit risk: <b>CAO</b> | Safety score: <b>55</b>  <b>Sector Money Flow:</b> Ngành: <b>Công nghệ</b> | Flow: <b>KHÁ</b> | Score: <b>63.6</b> Rank: <b>3/3</b> | Leader: <b>CMG, FPT, ELC</b> Ghi chú: Ngành khá ổn, có thể ủng hộ tín hiệu nếu mã không quá đuổi giá. Biến động intraday: <b>1.25%</b> Buy zone: 15.76 - 16.24 Stoploss: 15.52 Cooldown: <b>30 phút</b>  <b>V20.2 Context Filter:</b> Action: <b>KEEP</b> Penalty: <b>10</b> Lý do: Volume yếu 0.28x Time: 2026-06-03 13:16:06"
2026-06-03 13:19:27,V18.2 ENTRY,ASM,🟡 INTRADAY MOMENTUM + VWAP OK,5.98,5.77,5.95,,,5.68,,,LEGACY WATCH MODE,UNKNOWN,✅ Volume mạnh | ✅ Giá không quá xa VWAP | ⚠ Bị giới hạn bởi upstream/safety: LEGACY WATCH MODE,"🔴 <b>ASM</b> — <b>🟡 INTRADAY MOMENTUM + VWAP OK</b>  <b>KẾT LUẬN:</b> <b>KHÔNG VÀO</b>  <b>ĐỘ TIN CẬY:</b> <b>MEDIUM</b> <b>SIZE GỢI Ý:</b> <b>0%</b>  <b>3 LÝ DO CHÍNH:</b> ✅ Volume mạnh ✅ Giá không quá xa VWAP ⚠ Bị giới hạn bởi upstream/safety: LEGACY WATCH MODE  <b>Risk Gate:</b> Final: <b>WATCHLIST</b> | Mode: <b>LEGACY WATCH MODE</b> Meta Allocation: <b>1.00%</b> | Meta Exposure: <b>0.0000</b>  <b>Execution:</b> Quality: <b>KHÁ</b> | Score: <b>65</b> Giá: <b>5.98</b> VWAP: <b>5.98</b> Volume ratio: <b>3.54</b>  <b>VN Trade Safety:</b> Thanh khoản: <b>MỎNG</b> | GTGD 20p: <b>2.5 tỷ/ngày</b> Exit risk: <b>CAO</b> | Safety score: <b>35</b>  <b>Sector Money Flow:</b> Ngành: <b>Thủy sản</b> | Flow: <b>YẾU</b> | Score: <b>24.7</b> Rank: <b>1/4</b> | Leader: <b>ASM, VHC, IDI</b> Ghi chú: Ngành yếu, hạn chế mua mới hoặc mua thêm. Biến động intraday: <b>2.05%</b> Buy zone: 5.77 - 5.95 Stoploss: 5.68 Cooldown: <b>30 phút</b>  <b>V20.2 Context Filter:</b> Action: <b>DOWNGRADE_ONE</b> Penalty: <b>25</b> Lý do: Volume spike 3.54x Time: 2026-06-03 13:19:26"
2026-06-03 13:38:28,V18.2 ENTRY,KSB,🟢 PULLBACK VÙNG MUA,15.1,14.87,15.33,,,14.65,,,LEGACY WATCH MODE,UNKNOWN,✅ Volume chấp nhận được | ✅ Giá không quá xa VWAP | ⚠ Bị giới hạn bởi upstream/safety: LEGACY WATCH MODE,"🔴 <b>KSB</b> — <b>🟢 PULLBACK VÙNG MUA</b>  <b>KẾT LUẬN:</b> <b>KHÔNG VÀO</b>  <b>ĐỘ TIN CẬY:</b> <b>MEDIUM</b> <b>SIZE GỢI Ý:</b> <b>0%</b>  <b>3 LÝ DO CHÍNH:</b> ✅ Volume chấp nhận được ✅ Giá không quá xa VWAP ⚠ Bị giới hạn bởi upstream/safety: LEGACY WATCH MODE  <b>Risk Gate:</b> Final: <b>WATCHLIST</b> | Mode: <b>LEGACY WATCH MODE</b> Meta Allocation: <b>1.00%</b> | Meta Exposure: <b>0.0000</b>  <b>Execution:</b> Quality: <b>KHÁ</b> | Score: <b>65</b> Giá: <b>15.10</b> VWAP: <b>15.01</b> Volume ratio: <b>1.25</b>  <b>VN Trade Safety:</b> Thanh khoản: <b>MỎNG</b> | GTGD 20p: <b>8.7 tỷ/ngày</b> Exit risk: <b>CAO</b> | Safety score: <b>55</b>  <b>Sector Money Flow:</b> Ngành: <b>Vật liệu xây dựng</b> | Flow: <b>YẾU</b> | Score: <b>35.4</b> Rank: <b>2/3</b> | Leader: <b>DHA, KSB, C32</b> Ghi chú: Ngành yếu, hạn chế mua mới hoặc mua thêm. Biến động intraday: <b>0.00%</b> Buy zone: 14.87 - 15.33 Stoploss: 14.65 Cooldown: <b>30 phút</b>  <b>V20.2 Context Filter:</b> Action: <b>KEEP</b> Penalty: <b>0</b> Lý do:  Time: 2026-06-03 13:38:27"
2026-06-03 13:41:45,V18.2 ENTRY,CTR,🟢 PULLBACK VÙNG MUA,89.4,88.06,90.74,,,86.72,,,LEGACY WATCH MODE,UNKNOWN,❌ Volume yếu | ✅ Giá không quá xa VWAP | ✅ Giá nằm trong vùng mua,"⚪ <b>CTR</b> — <b>🟢 PULLBACK VÙNG MUA</b>  <b>KẾT LUẬN:</b> <b>WATCH</b>  <b>ĐỘ TIN CẬY:</b> <b>LOW</b> <b>SIZE GỢI Ý:</b> <b>0% - chỉ quan sát</b>  <b>3 LÝ DO CHÍNH:</b> ❌ Volume yếu ✅ Giá không quá xa VWAP ✅ Giá nằm trong vùng mua  <b>Risk Gate:</b> Final: <b>WATCHLIST</b> | Mode: <b>LEGACY WATCH MODE</b> Meta Allocation: <b>1.00%</b> | Meta Exposure: <b>0.0000</b>  <b>Execution:</b> Quality: <b>TRUNG TÍNH</b> | Score: <b>45</b> Giá: <b>89.40</b> VWAP: <b>88.91</b> Volume ratio: <b>0.22</b>  <b>VN Trade Safety:</b> Thanh khoản: <b>TRUNG BÌNH</b> | GTGD 20p: <b>48.4 tỷ/ngày</b> Exit risk: <b>TRUNG BÌNH</b> | Safety score: <b>90</b>  <b>Sector Money Flow:</b> Ngành: <b>Viễn thông - Hạ tầng</b> | Flow: <b>KHÁ</b> | Score: <b>70.9</b> Rank: <b>1/1</b> | Leader: <b>CTR</b> Ghi chú: Ngành khá ổn, có thể ủng hộ tín hiệu nếu mã không quá đuổi giá. Biến động intraday: <b>0.00%</b> Buy zone: 88.06 - 90.74 Stoploss: 86.72 Cooldown: <b>30 phút</b>  <b>V20.2 Context Filter:</b> Action: <b>KEEP</b> Penalty: <b>10</b> Lý do: Volume yếu 0.22x Time: 2026-06-03 13:41:44"
2026-06-03 13:45:02,V18.2 ENTRY,IDI,🟢 PULLBACK VÙNG MUA,5.87,5.79,5.97,,,5.7,,,LEGACY WATCH MODE,UNKNOWN,❌ Volume yếu | ✅ Giá không quá xa VWAP | ✅ Giá nằm trong vùng mua,"🔴 <b>IDI</b> — <b>🟢 PULLBACK VÙNG MUA</b>  <b>KẾT LUẬN:</b> <b>KHÔNG VÀO</b>  <b>ĐỘ TIN CẬY:</b> <b>HIGH</b> <b>SIZE GỢI Ý:</b> <b>0%</b>  <b>3 LÝ DO CHÍNH:</b> ❌ Volume yếu ✅ Giá không quá xa VWAP ✅ Giá nằm trong vùng mua  <b>Risk Gate:</b> Final: <b>WATCHLIST</b> | Mode: <b>LEGACY WATCH MODE</b> Meta Allocation: <b>1.00%</b> | Meta Exposure: <b>0.0000</b>  <b>Execution:</b> Quality: <b>TRUNG TÍNH</b> | Score: <b>45</b> Giá: <b>5.87</b> VWAP: <b>5.87</b> Volume ratio: <b>0.21</b>  <b>VN Trade Safety:</b> Thanh khoản: <b>MỎNG</b> | GTGD 20p: <b>2.4 tỷ/ngày</b> Exit risk: <b>CAO</b> | Safety score: <b>55</b>  <b>Sector Money Flow:</b> Ngành: <b>Thủy sản</b> | Flow: <b>YẾU</b> | Score: <b>24.7</b> Rank: <b>3/4</b> | Leader: <b>ASM, VHC, IDI</b> Ghi chú: Ngành yếu, hạn chế mua mới hoặc mua thêm. Biến động intraday: <b>-0.17%</b> Buy zone: 5.79 - 5.97 Stoploss: 5.7 Cooldown: <b>30 phút</b>  <b>V20.2 Context Filter:</b> Action: <b>KEEP</b> Penalty: <b>10</b> Lý do: Volume yếu 0.21x Time: 2026-06-03 13:45:01"
2026-06-03 14:10:03,V18.2 ENTRY,KSB,🟢 PULLBACK VÙNG MUA,15.0,14.87,15.33,,,14.65,,,LEGACY WATCH MODE,UNKNOWN,✅ Volume mạnh | ✅ Giá không quá xa VWAP | ⚠ Bị giới hạn bởi upstream/safety: LEGACY WATCH MODE,"🔴 <b>KSB</b> — <b>🟢 PULLBACK VÙNG MUA</b>  <b>KẾT LUẬN:</b> <b>KHÔNG VÀO</b>  <b>ĐỘ TIN CẬY:</b> <b>MEDIUM</b> <b>SIZE GỢI Ý:</b> <b>0%</b>  <b>3 LÝ DO CHÍNH:</b> ✅ Volume mạnh ✅ Giá không quá xa VWAP ⚠ Bị giới hạn bởi upstream/safety: LEGACY WATCH MODE  <b>Risk Gate:</b> Final: <b>WATCHLIST</b> | Mode: <b>LEGACY WATCH MODE</b> Meta Allocation: <b>1.00%</b> | Meta Exposure: <b>0.0000</b>  <b>Execution:</b> Quality: <b>KHÁ</b> | Score: <b>75</b> Giá: <b>15.00</b> VWAP: <b>15.02</b> Volume ratio: <b>3.43</b>  <b>VN Trade Safety:</b> Thanh khoản: <b>MỎNG</b> | GTGD 20p: <b>8.7 tỷ/ngày</b> Exit risk: <b>CAO</b> | Safety score: <b>55</b>  <b>Sector Money Flow:</b> Ngành: <b>Vật liệu xây dựng</b> | Flow: <b>YẾU</b> | Score: <b>35.4</b> Rank: <b>2/3</b> | Leader: <b>DHA, KSB, C32</b> Ghi chú: Ngành yếu, hạn chế mua mới hoặc mua thêm. Biến động intraday: <b>-0.66%</b> Buy zone: 14.87 - 15.33 Stoploss: 14.65 Cooldown: <b>30 phút</b>  <b>V20.2 Context Filter:</b> Action: <b>DOWNGRADE_ONE</b> Penalty: <b>25</b> Lý do: Volume spike 3.43x Time: 2026-06-03 14:10:03"
2026-06-03 14:13:21,V18.2 ENTRY,CTR,🟢 PULLBACK VÙNG MUA,89.4,88.06,90.74,,,86.72,,,LEGACY WATCH MODE,UNKNOWN,"✅ Volume chấp nhận được | ✅ Giá không quá xa VWAP | 🛡 Thanh khoản trung bình (48.4 tỷ/ngày), không mua lớn","⚪ <b>CTR</b> — <b>🟢 PULLBACK VÙNG MUA</b>  <b>KẾT LUẬN:</b> <b>WATCH</b>  <b>ĐỘ TIN CẬY:</b> <b>MEDIUM</b> <b>SIZE GỢI Ý:</b> <b>0% - chỉ quan sát</b>  <b>3 LÝ DO CHÍNH:</b> ✅ Volume chấp nhận được ✅ Giá không quá xa VWAP 🛡 Thanh khoản trung bình (48.4 tỷ/ngày), không mua lớn  <b>Risk Gate:</b> Final: <b>WATCHLIST</b> | Mode: <b>LEGACY WATCH MODE</b> Meta Allocation: <b>1.00%</b> | Meta Exposure: <b>0.0000</b>  <b>Execution:</b> Quality: <b>KHÁ</b> | Score: <b>65</b> Giá: <b>89.40</b> VWAP: <b>89.21</b> Volume ratio: <b>1.63</b>  <b>VN Trade Safety:</b> Thanh khoản: <b>TRUNG BÌNH</b> | GTGD 20p: <b>48.4 tỷ/ngày</b> Exit risk: <b>TRUNG BÌNH</b> | Safety score: <b>90</b>  <b>Sector Money Flow:</b> Ngành: <b>Viễn thông - Hạ tầng</b> | Flow: <b>KHÁ</b> | Score: <b>70.9</b> Rank: <b>1/1</b> | Leader: <b>CTR</b> Ghi chú: Ngành khá ổn, có thể ủng hộ tín hiệu nếu mã không quá đuổi giá. Biến động intraday: <b>0.00%</b> Buy zone: 88.06 - 90.74 Stoploss: 86.72 Cooldown: <b>30 phút</b>  <b>V20.2 Context Filter:</b> Action: <b>KEEP</b> Penalty: <b>0</b> Lý do:  Time: 2026-06-03 14:13:20"
2026-06-03 14:16:34,V18.2 ENTRY,IDI,🟢 PULLBACK VÙNG MUA,5.88,5.79,5.97,,,5.7,,,LEGACY WATCH MODE,UNKNOWN,❌ Volume yếu | ✅ Giá không quá xa VWAP | ✅ Giá nằm trong vùng mua,"🔴 <b>IDI</b> — <b>🟢 PULLBACK VÙNG MUA</b>  <b>KẾT LUẬN:</b> <b>KHÔNG VÀO</b>  <b>ĐỘ TIN CẬY:</b> <b>HIGH</b> <b>SIZE GỢI Ý:</b> <b>0%</b>  <b>3 LÝ DO CHÍNH:</b> ❌ Volume yếu ✅ Giá không quá xa VWAP ✅ Giá nằm trong vùng mua  <b>Risk Gate:</b> Final: <b>WATCHLIST</b> | Mode: <b>LEGACY WATCH MODE</b> Meta Allocation: <b>1.00%</b> | Meta Exposure: <b>0.0000</b>  <b>Execution:</b> Quality: <b>TRUNG TÍNH</b> | Score: <b>45</b> Giá: <b>5.88</b> VWAP: <b>5.87</b> Volume ratio: <b>0.23</b>  <b>VN Trade Safety:</b> Thanh khoản: <b>MỎNG</b> | GTGD 20p: <b>2.4 tỷ/ngày</b> Exit risk: <b>CAO</b> | Safety score: <b>55</b>  <b>Sector Money Flow:</b> Ngành: <b>Thủy sản</b> | Flow: <b>YẾU</b> | Score: <b>24.7</b> Rank: <b>3/4</b> | Leader: <b>ASM, VHC, IDI</b> Ghi chú: Ngành yếu, hạn chế mua mới hoặc mua thêm. Biến động intraday: <b>0.00%</b> Buy zone: 5.79 - 5.97 Stoploss: 5.7 Cooldown: <b>30 phút</b>  <b>V20.2 Context Filter:</b> Action: <b>KEEP</b> Penalty: <b>10</b> Lý do: Volume yếu 0.23x Time: 2026-06-03 14:16:34"
2026-06-03 14:38:39,V18.2 ENTRY,ASM,🟡 INTRADAY MOMENTUM + VWAP OK,5.98,5.77,5.95,,,5.68,,,LEGACY WATCH MODE,UNKNOWN,"✅ Volume mạnh | ✅ Giá không quá xa VWAP | ⚠ Cuối phiên, dễ FOMO hoặc kéo xả","🔴 <b>ASM</b> — <b>🟡 INTRADAY MOMENTUM + VWAP OK</b>  <b>KẾT LUẬN:</b> <b>KHÔNG VÀO</b>  <b>ĐỘ TIN CẬY:</b> <b>MEDIUM</b> <b>SIZE GỢI Ý:</b> <b>0%</b>  <b>3 LÝ DO CHÍNH:</b> ✅ Volume mạnh ✅ Giá không quá xa VWAP ⚠ Cuối phiên, dễ FOMO hoặc kéo xả  <b>Risk Gate:</b> Final: <b>WATCHLIST</b> | Mode: <b>LEGACY WATCH MODE</b> Meta Allocation: <b>1.00%</b> | Meta Exposure: <b>0.0000</b>  <b>Execution:</b> Quality: <b>TRUNG TÍNH</b> | Score: <b>50</b> Giá: <b>5.98</b> VWAP: <b>5.97</b> Volume ratio: <b>7.75</b>  <b>VN Trade Safety:</b> Thanh khoản: <b>MỎNG</b> | GTGD 20p: <b>2.5 tỷ/ngày</b> Exit risk: <b>CAO</b> | Safety score: <b>35</b>  <b>Sector Money Flow:</b> Ngành: <b>Thủy sản</b> | Flow: <b>YẾU</b> | Score: <b>24.7</b> Rank: <b>1/4</b> | Leader: <b>ASM, VHC, IDI</b> Ghi chú: Ngành yếu, hạn chế mua mới hoặc mua thêm. Biến động intraday: <b>2.05%</b> Buy zone: 5.77 - 5.95 Stoploss: 5.68 Cooldown: <b>30 phút</b>  <b>V20.2 Context Filter:</b> Action: <b>DOWNGRADE_ONE</b> Penalty: <b>25</b> Lý do: Volume spike 7.75x Time: 2026-06-03 14:38:38"
2026-06-03 14:48:08,V18.2 ENTRY,IDI,🟢 PULLBACK VÙNG MUA,5.86,5.79,5.97,,,5.7,,,LEGACY WATCH MODE,UNKNOWN,"✅ Volume mạnh | ✅ Giá không quá xa VWAP | ⚠ Cuối phiên, dễ FOMO hoặc kéo xả","🔴 <b>IDI</b> — <b>🟢 PULLBACK VÙNG MUA</b>  <b>KẾT LUẬN:</b> <b>KHÔNG VÀO</b>  <b>ĐỘ TIN CẬY:</b> <b>MEDIUM</b> <b>SIZE GỢI Ý:</b> <b>0%</b>  <b>3 LÝ DO CHÍNH:</b> ✅ Volume mạnh ✅ Giá không quá xa VWAP ⚠ Cuối phiên, dễ FOMO hoặc kéo xả  <b>Risk Gate:</b> Final: <b>WATCHLIST</b> | Mode: <b>LEGACY WATCH MODE</b> Meta Allocation: <b>1.00%</b> | Meta Exposure: <b>0.0000</b>  <b>Execution:</b> Quality: <b>TRUNG TÍNH</b> | Score: <b>60</b> Giá: <b>5.86</b> VWAP: <b>5.87</b> Volume ratio: <b>10.23</b>  <b>VN Trade Safety:</b> Thanh khoản: <b>MỎNG</b> | GTGD 20p: <b>2.4 tỷ/ngày</b> Exit risk: <b>CAO</b> | Safety score: <b>55</b>  <b>Sector Money Flow:</b> Ngành: <b>Thủy sản</b> | Flow: <b>YẾU</b> | Score: <b>24.7</b> Rank: <b>3/4</b> | Leader: <b>ASM, VHC, IDI</b> Ghi chú: Ngành yếu, hạn chế mua mới hoặc mua thêm. Biến động intraday: <b>-0.34%</b> Buy zone: 5.79 - 5.97 Stoploss: 5.7 Cooldown: <b>30 phút</b>  <b>V20.2 Context Filter:</b> Action: <b>DOWNGRADE_ONE</b> Penalty: <b>25</b> Lý do: Volume spike 10.23x Time: 2026-06-03 14:48:08"
2026-06-04 09:21:25,V18.2 ENTRY,ASM,🟢 PULLBACK VÙNG MUA,5.99,5.9,6.08,,,5.81,,,LEGACY WATCH MODE,UNKNOWN,❌ Volume yếu | ✅ Giá không quá xa VWAP | ✅ Giá nằm trong vùng mua,"🔴 <b>ASM</b> — <b>🟢 PULLBACK VÙNG MUA</b>  <b>KẾT LUẬN:</b> <b>KHÔNG VÀO</b>  <b>ĐỘ TIN CẬY:</b> <b>HIGH</b> <b>SIZE GỢI Ý:</b> <b>0%</b>  <b>3 LÝ DO CHÍNH:</b> ❌ Volume yếu ✅ Giá không quá xa VWAP ✅ Giá nằm trong vùng mua  <b>Risk Gate:</b> Final: <b>WATCHLIST</b> | Mode: <b>LEGACY WATCH MODE</b> Meta Allocation: <b>1.00%</b> | Meta Exposure: <b>0.0000</b>  <b>Execution:</b> Quality: <b>TRUNG TÍNH</b> | Score: <b>45</b> Giá: <b>5.99</b> VWAP: <b>6.00</b> Volume ratio: <b>0.10</b>  <b>VN Trade Safety:</b> Thanh khoản: <b>MỎNG</b> | GTGD 20p: <b>2.5 tỷ/ngày</b> Exit risk: <b>CAO</b> | Safety score: <b>35</b>  <b>Sector Money Flow:</b> Ngành: <b>Thủy sản</b> | Flow: <b>YẾU</b> | Score: <b>21.7</b> Rank: <b>1/4</b> | Leader: <b>ASM, VHC, IDI</b> Ghi chú: Ngành yếu, hạn chế mua mới hoặc mua thêm. Biến động intraday: <b>0.00%</b> Buy zone: 5.9 - 6.08 Stoploss: 5.81 Cooldown: <b>30 phút</b>  <b>V20.2 Context Filter:</b> Action: <b>KEEP</b> Penalty: <b>10</b> Lý do: Volume yếu 0.10x Time: 2026-06-04 09:21:25"
2026-06-04 09:24:40,V18.2 ENTRY,HDG,🟢 PULLBACK VÙNG MUA,23.2,22.85,23.55,,,22.5,,,LEGACY WATCH MODE,UNKNOWN,❌ Volume yếu | ✅ Giá không quá xa VWAP | ✅ Giá nằm trong vùng mua,"⚪ <b>HDG</b> — <b>🟢 PULLBACK VÙNG MUA</b>  <b>KẾT LUẬN:</b> <b>WATCH</b>  <b>ĐỘ TIN CẬY:</b> <b>LOW</b> <b>SIZE GỢI Ý:</b> <b>0% - chỉ quan sát</b>  <b>3 LÝ DO CHÍNH:</b> ❌ Volume yếu ✅ Giá không quá xa VWAP ✅ Giá nằm trong vùng mua  <b>Risk Gate:</b> Final: <b>WATCHLIST</b> | Mode: <b>LEGACY WATCH MODE</b> Meta Allocation: <b>1.00%</b> | Meta Exposure: <b>0.0000</b>  <b>Execution:</b> Quality: <b>TRUNG TÍNH</b> | Score: <b>45</b> Giá: <b>23.20</b> VWAP: <b>23.20</b> Volume ratio: <b>0.76</b>  <b>VN Trade Safety:</b> Thanh khoản: <b>TRUNG BÌNH</b> | GTGD 20p: <b>36.9 tỷ/ngày</b> Exit risk: <b>TRUNG BÌNH</b> | Safety score: <b>90</b>  <b>Sector Money Flow:</b> Ngành: <b>Bất động sản - Năng lượng</b> | Flow: <b>YẾU</b> | Score: <b>12.3</b> Rank: <b>1/1</b> | Leader: <b>HDG</b> Ghi chú: Ngành yếu, hạn chế mua mới hoặc mua thêm. Biến động intraday: <b>0.00%</b> Buy zone: 22.85 - 23.55 Stoploss: 22.5 Cooldown: <b>30 phút</b>  <b>V20.2 Context Filter:</b> Action: <b>KEEP</b> Penalty: <b>10</b> Lý do: Volume yếu 0.76x Time: 2026-06-04 09:24:39"
2026-06-04 09:31:16,V18.2 ENTRY,VND,🟢 PULLBACK VÙNG MUA,18.05,17.68,18.22,,,17.41,,,LEGACY WATCH MODE,UNKNOWN,❌ Volume yếu | ✅ Giá không quá xa VWAP | ✅ Giá nằm trong vùng mua,"⚪ <b>VND</b> — <b>🟢 PULLBACK VÙNG MUA</b>  <b>KẾT LUẬN:</b> <b>WATCH</b>  <b>ĐỘ TIN CẬY:</b> <b>LOW</b> <b>SIZE GỢI Ý:</b> <b>0% - chỉ quan sát</b>  <b>3 LÝ DO CHÍNH:</b> ❌ Volume yếu ✅ Giá không quá xa VWAP ✅ Giá nằm trong vùng mua  <b>Risk Gate:</b> Final: <b>WATCHLIST</b> | Mode: <b>LEGACY WATCH MODE</b> Meta Allocation: <b>1.00%</b> | Meta Exposure: <b>0.0000</b>  <b>Execution:</b> Quality: <b>TRUNG TÍNH</b> | Score: <b>45</b> Giá: <b>18.05</b> VWAP: <b>18.08</b> Volume ratio: <b>0.05</b>  <b>VN Trade Safety:</b> Thanh khoản: <b>ỔN</b> | GTGD 20p: <b>275.3 tỷ/ngày</b> Exit risk: <b>THẤP</b> | Safety score: <b>100</b>  <b>Sector Money Flow:</b> Ngành: <b>Chứng khoán</b> | Flow: <b>YẾU</b> | Score: <b>28.4</b> Rank: <b>1/15</b> | Leader: <b>VND, IVS, SHS</b> Ghi chú: Ngành yếu, hạn chế mua mới hoặc mua thêm. Biến động intraday: <b>0.56%</b> Buy zone: 17.68 - 18.22 Stoploss: 17.41 Cooldown: <b>30 phút</b>  <b>V20.2 Context Filter:</b> Action: <b>KEEP</b> Penalty: <b>10</b> Lý do: Volume yếu 0.05x Time: 2026-06-04 09:31:14"
2026-06-04 09:53:23,V18.2 ENTRY,ASM,🟢 PULLBACK VÙNG MUA,5.97,5.9,6.08,,,5.81,,,LEGACY WATCH MODE,UNKNOWN,❌ Volume yếu | ✅ Giá không quá xa VWAP | ✅ Giá nằm trong vùng mua,"🔴 <b>ASM</b> — <b>🟢 PULLBACK VÙNG MUA</b>  <b>KẾT LUẬN:</b> <b>KHÔNG VÀO</b>  <b>ĐỘ TIN CẬY:</b> <b>HIGH</b> <b>SIZE GỢI Ý:</b> <b>0%</b>  <b>3 LÝ DO CHÍNH:</b> ❌ Volume yếu ✅ Giá không quá xa VWAP ✅ Giá nằm trong vùng mua  <b>Risk Gate:</b> Final: <b>WATCHLIST</b> | Mode: <b>LEGACY WATCH MODE</b> Meta Allocation: <b>1.00%</b> | Meta Exposure: <b>0.0000</b>  <b>Execution:</b> Quality: <b>TRUNG TÍNH</b> | Score: <b>45</b> Giá: <b>5.97</b> VWAP: <b>5.98</b> Volume ratio: <b>0.13</b>  <b>VN Trade Safety:</b> Thanh khoản: <b>MỎNG</b> | GTGD 20p: <b>2.5 tỷ/ngày</b> Exit risk: <b>CAO</b> | Safety score: <b>35</b>  <b>Sector Money Flow:</b> Ngành: <b>Thủy sản</b> | Flow: <b>YẾU</b> | Score: <b>21.7</b> Rank: <b>1/4</b> | Leader: <b>ASM, VHC, IDI</b> Ghi chú: Ngành yếu, hạn chế mua mới hoặc mua thêm. Biến động intraday: <b>-0.33%</b> Buy zone: 5.9 - 6.08 Stoploss: 5.81 Cooldown: <b>30 phút</b>  <b>V20.2 Context Filter:</b> Action: <b>KEEP</b> Penalty: <b>10</b> Lý do: Volume yếu 0.13x Time: 2026-06-04 09:53:22"
2026-06-04 09:56:37,V18.2 ENTRY,HDG,🟢 PULLBACK VÙNG MUA,23.25,22.85,23.55,,,22.5,,,LEGACY WATCH MODE,UNKNOWN,❌ Volume yếu | ✅ Giá không quá xa VWAP | ✅ Giá nằm trong vùng mua,"⚪ <b>HDG</b> — <b>🟢 PULLBACK VÙNG MUA</b>  <b>KẾT LUẬN:</b> <b>WATCH</b>  <b>ĐỘ TIN CẬY:</b> <b>LOW</b> <b>SIZE GỢI Ý:</b> <b>0% - chỉ quan sát</b>  <b>3 LÝ DO CHÍNH:</b> ❌ Volume yếu ✅ Giá không quá xa VWAP ✅ Giá nằm trong vùng mua  <b>Risk Gate:</b> Final: <b>WATCHLIST</b> | Mode: <b>LEGACY WATCH MODE</b> Meta Allocation: <b>1.00%</b> | Meta Exposure: <b>0.0000</b>  <b>Execution:</b> Quality: <b>TRUNG TÍNH</b> | Score: <b>45</b> Giá: <b>23.25</b> VWAP: <b>23.28</b> Volume ratio: <b>0.21</b>  <b>VN Trade Safety:</b> Thanh khoản: <b>TRUNG BÌNH</b> | GTGD 20p: <b>36.9 tỷ/ngày</b> Exit risk: <b>TRUNG BÌNH</b> | Safety score: <b>90</b>  <b>Sector Money Flow:</b> Ngành: <b>Bất động sản - Năng lượng</b> | Flow: <b>YẾU</b> | Score: <b>12.3</b> Rank: <b>1/1</b> | Leader: <b>HDG</b> Ghi chú: Ngành yếu, hạn chế mua mới hoặc mua thêm. Biến động intraday: <b>0.22%</b> Buy zone: 22.85 - 23.55 Stoploss: 22.5 Cooldown: <b>30 phút</b>  <b>V20.2 Context Filter:</b> Action: <b>KEEP</b> Penalty: <b>10</b> Lý do: Volume yếu 0.21x Time: 2026-06-04 09:56:37"
2026-06-04 10:00:10,V18.2 ENTRY,LPB,🟢 PULLBACK VÙNG MUA,47.6,47.28,48.72,,,46.56,,,LEGACY WATCH MODE,UNKNOWN,❌ Volume yếu | ✅ Giá không quá xa VWAP | ✅ Giá nằm trong vùng mua,"⚪ <b>LPB</b> — <b>🟢 PULLBACK VÙNG MUA</b>  <b>KẾT LUẬN:</b> <b>WATCH</b>  <b>ĐỘ TIN CẬY:</b> <b>LOW</b> <b>SIZE GỢI Ý:</b> <b>0% - chỉ quan sát</b>  <b>3 LÝ DO CHÍNH:</b> ❌ Volume yếu ✅ Giá không quá xa VWAP ✅ Giá nằm trong vùng mua  <b>Risk Gate:</b> Final: <b>WATCHLIST</b> | Mode: <b>LEGACY WATCH MODE</b> Meta Allocation: <b>1.00%</b> | Meta Exposure: <b>0.0000</b>  <b>Execution:</b> Quality: <b>TRUNG TÍNH</b> | Score: <b>45</b> Giá: <b>47.60</b> VWAP: <b>47.69</b> Volume ratio: <b>1.18</b>  <b>VN Trade Safety:</b> Thanh khoản: <b>ỔN</b> | GTGD 20p: <b>70.4 tỷ/ngày</b> Exit risk: <b>THẤP</b> | Safety score: <b>100</b>  <b>Sector Money Flow:</b> Ngành: <b>Ngân hàng</b> | Flow: <b>YẾU</b> | Score: <b>37.4</b> Rank: <b>2/19</b> | Leader: <b>MSB, LPB, ACB</b> Ghi chú: Ngành yếu, hạn chế mua mới hoặc mua thêm. Biến động intraday: <b>-0.83%</b> Buy zone: 47.28 - 48.72 Stoploss: 46.56 Cooldown: <b>30 phút</b>  <b>V20.2 Context Filter:</b> Action: <b>KEEP</b> Penalty: <b>0</b> Lý do:  Time: 2026-06-04 10:00:09"
2026-06-04 10:19:20,V18.2 ENTRY,VND,🟢 PULLBACK VÙNG MUA,17.9,17.68,18.22,,,17.41,,,LEGACY WATCH MODE,UNKNOWN,❌ Volume yếu | ✅ Giá không quá xa VWAP | ✅ Giá nằm trong vùng mua,"⚪ <b>VND</b> — <b>🟢 PULLBACK VÙNG MUA</b>  <b>KẾT LUẬN:</b> <b>WATCH</b>  <b>ĐỘ TIN CẬY:</b> <b>LOW</b> <b>SIZE GỢI Ý:</b> <b>0% - chỉ quan sát</b>  <b>3 LÝ DO CHÍNH:</b> ❌ Volume yếu ✅ Giá không quá xa VWAP ✅ Giá nằm trong vùng mua  <b>Risk Gate:</b> Final: <b>WATCHLIST</b> | Mode: <b>LEGACY WATCH MODE</b> Meta Allocation: <b>1.00%</b> | Meta Exposure: <b>0.0000</b>  <b>Execution:</b> Quality: <b>TRUNG TÍNH</b> | Score: <b>45</b> Giá: <b>17.90</b> VWAP: <b>17.91</b> Volume ratio: <b>0.08</b>  <b>VN Trade Safety:</b> Thanh khoản: <b>ỔN</b> | GTGD 20p: <b>275.3 tỷ/ngày</b> Exit risk: <b>THẤP</b> | Safety score: <b>100</b>  <b>Sector Money Flow:</b> Ngành: <b>Chứng khoán</b> | Flow: <b>YẾU</b> | Score: <b>28.4</b> Rank: <b>1/15</b> | Leader: <b>VND, IVS, SHS</b> Ghi chú: Ngành yếu, hạn chế mua mới hoặc mua thêm. Biến động intraday: <b>-0.28%</b> Buy zone: 17.68 - 18.22 Stoploss: 17.41 Cooldown: <b>30 phút</b>  <b>V20.2 Context Filter:</b> Action: <b>KEEP</b> Penalty: <b>10</b> Lý do: Volume yếu 0.08x Time: 2026-06-04 10:19:19"
2026-06-04 10:25:45,V18.2 ENTRY,ASM,🟢 PULLBACK VÙNG MUA,5.98,5.9,6.08,,,5.81,,,LEGACY WATCH MODE,UNKNOWN,❌ Volume yếu | ✅ Giá không quá xa VWAP | ✅ Giá nằm trong vùng mua,"🔴 <b>ASM</b> — <b>🟢 PULLBACK VÙNG MUA</b>  <b>KẾT LUẬN:</b> <b>KHÔNG VÀO</b>  <b>ĐỘ TIN CẬY:</b> <b>HIGH</b> <b>SIZE GỢI Ý:</b> <b>0%</b>  <b>3 LÝ DO CHÍNH:</b> ❌ Volume yếu ✅ Giá không quá xa VWAP ✅ Giá nằm trong vùng mua  <b>Risk Gate:</b> Final: <b>WATCHLIST</b> | Mode: <b>LEGACY WATCH MODE</b> Meta Allocation: <b>1.00%</b> | Meta Exposure: <b>0.0000</b>  <b>Execution:</b> Quality: <b>TRUNG TÍNH</b> | Score: <b>45</b> Giá: <b>5.98</b> VWAP: <b>5.97</b> Volume ratio: <b>0.12</b>  <b>VN Trade Safety:</b> Thanh khoản: <b>MỎNG</b> | GTGD 20p: <b>2.5 tỷ/ngày</b> Exit risk: <b>CAO</b> | Safety score: <b>35</b>  <b>Sector Money Flow:</b> Ngành: <b>Thủy sản</b> | Flow: <b>YẾU</b> | Score: <b>21.7</b> Rank: <b>1/4</b> | Leader: <b>ASM, VHC, IDI</b> Ghi chú: Ngành yếu, hạn chế mua mới hoặc mua thêm. Biến động intraday: <b>-0.17%</b> Buy zone: 5.9 - 6.08 Stoploss: 5.81 Cooldown: <b>30 phút</b>  <b>V20.2 Context Filter:</b> Action: <b>KEEP</b> Penalty: <b>10</b> Lý do: Volume yếu 0.12x Time: 2026-06-04 10:25:45"
2026-06-04 10:29:00,V18.2 ENTRY,HDG,🟢 PULLBACK VÙNG MUA,23.15,22.85,23.55,,,22.5,,,LEGACY WATCH MODE,UNKNOWN,❌ Giá dưới VWAP | ✅ Volume mạnh | ✅ Giá nằm trong vùng mua,"⚪ <b>HDG</b> — <b>🟢 PULLBACK VÙNG MUA</b>  <b>KẾT LUẬN:</b> <b>WATCH</b>  <b>ĐỘ TIN CẬY:</b> <b>LOW</b> <b>SIZE GỢI Ý:</b> <b>0% - chỉ quan sát</b>  <b>3 LÝ DO CHÍNH:</b> ❌ Giá dưới VWAP ✅ Volume mạnh ✅ Giá nằm trong vùng mua  <b>Risk Gate:</b> Final: <b>WATCHLIST</b> | Mode: <b>LEGACY WATCH MODE</b> Meta Allocation: <b>1.00%</b> | Meta Exposure: <b>0.0000</b>  <b>Execution:</b> Quality: <b>TRUNG TÍNH</b> | Score: <b>55</b> Giá: <b>23.15</b> VWAP: <b>23.24</b> Volume ratio: <b>2.14</b>  <b>VN Trade Safety:</b> Thanh khoản: <b>TRUNG BÌNH</b> | GTGD 20p: <b>36.9 tỷ/ngày</b> Exit risk: <b>TRUNG BÌNH</b> | Safety score: <b>90</b>  <b>Sector Money Flow:</b> Ngành: <b>Bất động sản - Năng lượng</b> | Flow: <b>YẾU</b> | Score: <b>12.3</b> Rank: <b>1/1</b> | Leader: <b>HDG</b> Ghi chú: Ngành yếu, hạn chế mua mới hoặc mua thêm. Biến động intraday: <b>-0.22%</b> Buy zone: 22.85 - 23.55 Stoploss: 22.5 Cooldown: <b>30 phút</b>  <b>V20.2 Context Filter:</b> Action: <b>KEEP</b> Penalty: <b>0</b> Lý do:  Time: 2026-06-04 10:29:00"
2026-06-04 10:51:01,V18.2 ENTRY,VND,🟢 PULLBACK VÙNG MUA,17.8,17.68,18.22,,,17.41,,,LEGACY WATCH MODE,UNKNOWN,❌ Volume yếu | ✅ Giá không quá xa VWAP | ✅ Giá nằm trong vùng mua,"⚪ <b>VND</b> — <b>🟢 PULLBACK VÙNG MUA</b>  <b>KẾT LUẬN:</b> <b>WATCH</b>  <b>ĐỘ TIN CẬY:</b> <b>LOW</b> <b>SIZE GỢI Ý:</b> <b>0% - chỉ quan sát</b>  <b>3 LÝ DO CHÍNH:</b> ❌ Volume yếu ✅ Giá không quá xa VWAP ✅ Giá nằm trong vùng mua  <b>Risk Gate:</b> Final: <b>WATCHLIST</b> | Mode: <b>LEGACY WATCH MODE</b> Meta Allocation: <b>1.00%</b> | Meta Exposure: <b>0.0000</b>  <b>Execution:</b> Quality: <b>TRUNG TÍNH</b> | Score: <b>45</b> Giá: <b>17.80</b> VWAP: <b>17.81</b> Volume ratio: <b>0.19</b>  <b>VN Trade Safety:</b> Thanh khoản: <b>ỔN</b> | GTGD 20p: <b>275.3 tỷ/ngày</b> Exit risk: <b>THẤP</b> | Safety score: <b>100</b>  <b>Sector Money Flow:</b> Ngành: <b>Chứng khoán</b> | Flow: <b>YẾU</b> | Score: <b>28.4</b> Rank: <b>1/15</b> | Leader: <b>VND, IVS, SHS</b> Ghi chú: Ngành yếu, hạn chế mua mới hoặc mua thêm. Biến động intraday: <b>-0.84%</b> Buy zone: 17.68 - 18.22 Stoploss: 17.41 Cooldown: <b>30 phút</b>  <b>V20.2 Context Filter:</b> Action: <b>KEEP</b> Penalty: <b>10</b> Lý do: Volume yếu 0.19x Time: 2026-06-04 10:51:00"
2026-06-04 10:57:19,V18.2 ENTRY,ASM,🟢 PULLBACK VÙNG MUA,5.97,5.9,6.08,,,5.81,,,LEGACY WATCH MODE,UNKNOWN,❌ Volume yếu | ✅ Giá không quá xa VWAP | ✅ Giá nằm trong vùng mua,"🔴 <b>ASM</b> — <b>🟢 PULLBACK VÙNG MUA</b>  <b>KẾT LUẬN:</b> <b>KHÔNG VÀO</b>  <b>ĐỘ TIN CẬY:</b> <b>HIGH</b> <b>SIZE GỢI Ý:</b> <b>0%</b>  <b>3 LÝ DO CHÍNH:</b> ❌ Volume yếu ✅ Giá không quá xa VWAP ✅ Giá nằm trong vùng mua  <b>Risk Gate:</b> Final: <b>WATCHLIST</b> | Mode: <b>LEGACY WATCH MODE</b> Meta Allocation: <b>1.00%</b> | Meta Exposure: <b>0.0000</b>  <b>Execution:</b> Quality: <b>TRUNG TÍNH</b> | Score: <b>45</b> Giá: <b>5.97</b> VWAP: <b>5.97</b> Volume ratio: <b>0.10</b>  <b>VN Trade Safety:</b> Thanh khoản: <b>MỎNG</b> | GTGD 20p: <b>2.5 tỷ/ngày</b> Exit risk: <b>CAO</b> | Safety score: <b>35</b>  <b>Sector Money Flow:</b> Ngành: <b>Thủy sản</b> | Flow: <b>YẾU</b> | Score: <b>21.7</b> Rank: <b>1/4</b> | Leader: <b>ASM, VHC, IDI</b> Ghi chú: Ngành yếu, hạn chế mua mới hoặc mua thêm. Biến động intraday: <b>-0.33%</b> Buy zone: 5.9 - 6.08 Stoploss: 5.81 Cooldown: <b>30 phút</b>  <b>V20.2 Context Filter:</b> Action: <b>KEEP</b> Penalty: <b>10</b> Lý do: Volume yếu 0.10x Time: 2026-06-04 10:57:18"
2026-06-04 11:00:35,V18.2 ENTRY,HDG,🟢 PULLBACK VÙNG MUA,23.0,22.85,23.55,,,22.5,,,LEGACY WATCH MODE,UNKNOWN,❌ Volume yếu | ✅ Giá không quá xa VWAP | ✅ Giá nằm trong vùng mua,"⚪ <b>HDG</b> — <b>🟢 PULLBACK VÙNG MUA</b>  <b>KẾT LUẬN:</b> <b>WATCH</b>  <b>ĐỘ TIN CẬY:</b> <b>LOW</b> <b>SIZE GỢI Ý:</b> <b>0% - chỉ quan sát</b>  <b>3 LÝ DO CHÍNH:</b> ❌ Volume yếu ✅ Giá không quá xa VWAP ✅ Giá nằm trong vùng mua  <b>Risk Gate:</b> Final: <b>WATCHLIST</b> | Mode: <b>LEGACY WATCH MODE</b> Meta Allocation: <b>1.00%</b> | Meta Exposure: <b>0.0000</b>  <b>Execution:</b> Quality: <b>TRUNG TÍNH</b> | Score: <b>45</b> Giá: <b>23.00</b> VWAP: <b>23.03</b> Volume ratio: <b>0.54</b>  <b>VN Trade Safety:</b> Thanh khoản: <b>TRUNG BÌNH</b> | GTGD 20p: <b>36.9 tỷ/ngày</b> Exit risk: <b>TRUNG BÌNH</b> | Safety score: <b>90</b>  <b>Sector Money Flow:</b> Ngành: <b>Bất động sản - Năng lượng</b> | Flow: <b>YẾU</b> | Score: <b>12.3</b> Rank: <b>1/1</b> | Leader: <b>HDG</b> Ghi chú: Ngành yếu, hạn chế mua mới hoặc mua thêm. Biến động intraday: <b>-0.86%</b> Buy zone: 22.85 - 23.55 Stoploss: 22.5 Cooldown: <b>30 phút</b>  <b>V20.2 Context Filter:</b> Action: <b>KEEP</b> Penalty: <b>10</b> Lý do: Volume yếu 0.54x Time: 2026-06-04 11:00:34"
2026-06-04 11:03:55,V18.2 ENTRY,LPB,🔴 THỦNG STOPLOSS,46.55,47.28,48.72,,,46.56,,,LEGACY WATCH MODE,UNKNOWN,❌ Volume yếu | ❌ Giá dưới VWAP | 🛡 Thanh khoản ổn (70.4 tỷ/ngày),"🔴 <b>LPB</b> — <b>🔴 THỦNG STOPLOSS</b>  <b>KẾT LUẬN:</b> <b>KHÔNG VÀO</b>  <b>ĐỘ TIN CẬY:</b> <b>HIGH</b> <b>SIZE GỢI Ý:</b> <b>0%</b>  <b>3 LÝ DO CHÍNH:</b> ❌ Volume yếu ❌ Giá dưới VWAP 🛡 Thanh khoản ổn (70.4 tỷ/ngày)  <b>Risk Gate:</b> Final: <b>WATCHLIST</b> | Mode: <b>LEGACY WATCH MODE</b> Meta Allocation: <b>1.00%</b> | Meta Exposure: <b>0.0000</b>  <b>Execution:</b> Quality: <b>YẾU</b> | Score: <b>0</b> Giá: <b>46.55</b> VWAP: <b>46.65</b> Volume ratio: <b>0.52</b>  <b>VN Trade Safety:</b> Thanh khoản: <b>ỔN</b> | GTGD 20p: <b>70.4 tỷ/ngày</b> Exit risk: <b>THẤP</b> | Safety score: <b>100</b>  <b>Sector Money Flow:</b> Ngành: <b>Ngân hàng</b> | Flow: <b>YẾU</b> | Score: <b>37.4</b> Rank: <b>2/19</b> | Leader: <b>MSB, LPB, ACB</b> Ghi chú: Ngành yếu, hạn chế mua mới hoặc mua thêm. Biến động intraday: <b>-3.02%</b> Buy zone: 47.28 - 48.72 Stoploss: 46.56 Cooldown: <b>45 phút</b>  <b>V20.2 Context Filter:</b> Action: <b>KEEP</b> Penalty: <b>10</b> Lý do: Volume yếu 0.52x Time: 2026-06-04 11:03:54"
2026-06-04 11:23:28,V18.2 ENTRY,VND,🟢 PULLBACK VÙNG MUA,17.75,17.68,18.22,,,17.41,,,LEGACY WATCH MODE,UNKNOWN,❌ Volume yếu | ✅ Giá không quá xa VWAP | ✅ Giá nằm trong vùng mua,"⚪ <b>VND</b> — <b>🟢 PULLBACK VÙNG MUA</b>  <b>KẾT LUẬN:</b> <b>WATCH</b>  <b>ĐỘ TIN CẬY:</b> <b>LOW</b> <b>SIZE GỢI Ý:</b> <b>0% - chỉ quan sát</b>  <b>3 LÝ DO CHÍNH:</b> ❌ Volume yếu ✅ Giá không quá xa VWAP ✅ Giá nằm trong vùng mua  <b>Risk Gate:</b> Final: <b>WATCHLIST</b> | Mode: <b>LEGACY WATCH MODE</b> Meta Allocation: <b>1.00%</b> | Meta Exposure: <b>0.0000</b>  <b>Execution:</b> Quality: <b>TRUNG TÍNH</b> | Score: <b>45</b> Giá: <b>17.75</b> VWAP: <b>17.69</b> Volume ratio: <b>0.06</b>  <b>VN Trade Safety:</b> Thanh khoản: <b>ỔN</b> | GTGD 20p: <b>275.3 tỷ/ngày</b> Exit risk: <b>THẤP</b> | Safety score: <b>100</b>  <b>Sector Money Flow:</b> Ngành: <b>Chứng khoán</b> | Flow: <b>YẾU</b> | Score: <b>28.4</b> Rank: <b>1/15</b> | Leader: <b>VND, IVS, SHS</b> Ghi chú: Ngành yếu, hạn chế mua mới hoặc mua thêm. Biến động intraday: <b>-1.11%</b> Buy zone: 17.68 - 18.22 Stoploss: 17.41 Cooldown: <b>30 phút</b>  <b>V20.2 Context Filter:</b> Action: <b>KEEP</b> Penalty: <b>10</b> Lý do: Volume yếu 0.06x Time: 2026-06-04 11:23:27"
2026-06-04 11:29:49,V18.2 ENTRY,ASM,🟢 PULLBACK VÙNG MUA,5.98,5.9,6.08,,,5.81,,,LEGACY WATCH MODE,UNKNOWN,❌ Volume yếu | ✅ Giá không quá xa VWAP | ✅ Giá nằm trong vùng mua,"🔴 <b>ASM</b> — <b>🟢 PULLBACK VÙNG MUA</b>  <b>KẾT LUẬN:</b> <b>KHÔNG VÀO</b>  <b>ĐỘ TIN CẬY:</b> <b>HIGH</b> <b>SIZE GỢI Ý:</b> <b>0%</b>  <b>3 LÝ DO CHÍNH:</b> ❌ Volume yếu ✅ Giá không quá xa VWAP ✅ Giá nằm trong vùng mua  <b>Risk Gate:</b> Final: <b>WATCHLIST</b> | Mode: <b>LEGACY WATCH MODE</b> Meta Allocation: <b>1.00%</b> | Meta Exposure: <b>0.0000</b>  <b>Execution:</b> Quality: <b>TRUNG TÍNH</b> | Score: <b>45</b> Giá: <b>5.98</b> VWAP: <b>5.97</b> Volume ratio: <b>0.18</b>  <b>VN Trade Safety:</b> Thanh khoản: <b>MỎNG</b> | GTGD 20p: <b>2.5 tỷ/ngày</b> Exit risk: <b>CAO</b> | Safety score: <b>35</b>  <b>Sector Money Flow:</b> Ngành: <b>Thủy sản</b> | Flow: <b>YẾU</b> | Score: <b>21.7</b> Rank: <b>1/4</b> | Leader: <b>ASM, VHC, IDI</b> Ghi chú: Ngành yếu, hạn chế mua mới hoặc mua thêm. Biến động intraday: <b>-0.17%</b> Buy zone: 5.9 - 6.08 Stoploss: 5.81 Cooldown: <b>30 phút</b>  <b>V20.2 Context Filter:</b> Action: <b>KEEP</b> Penalty: <b>10</b> Lý do: Volume yếu 0.18x Time: 2026-06-04 11:29:48"
2026-06-04 13:00:10,V18.2 ENTRY,HDG,🟢 PULLBACK VÙNG MUA,22.95,22.85,23.55,,,22.5,,,LEGACY WATCH MODE,UNKNOWN,❌ Volume yếu | ✅ Giá không quá xa VWAP | ✅ Giá nằm trong vùng mua,"⚪ <b>HDG</b> — <b>🟢 PULLBACK VÙNG MUA</b>  <b>KẾT LUẬN:</b> <b>WATCH</b>  <b>ĐỘ TIN CẬY:</b> <b>LOW</b> <b>SIZE GỢI Ý:</b> <b>0% - chỉ quan sát</b>  <b>3 LÝ DO CHÍNH:</b> ❌ Volume yếu ✅ Giá không quá xa VWAP ✅ Giá nằm trong vùng mua  <b>Risk Gate:</b> Final: <b>WATCHLIST</b> | Mode: <b>LEGACY WATCH MODE</b> Meta Allocation: <b>1.00%</b> | Meta Exposure: <b>0.0000</b>  <b>Execution:</b> Quality: <b>TRUNG TÍNH</b> | Score: <b>45</b> Giá: <b>22.95</b> VWAP: <b>22.96</b> Volume ratio: <b>0.40</b>  <b>VN Trade Safety:</b> Thanh khoản: <b>TRUNG BÌNH</b> | GTGD 20p: <b>36.9 tỷ/ngày</b> Exit risk: <b>TRUNG BÌNH</b> | Safety score: <b>90</b>  <b>Sector Money Flow:</b> Ngành: <b>Bất động sản - Năng lượng</b> | Flow: <b>YẾU</b> | Score: <b>12.3</b> Rank: <b>1/1</b> | Leader: <b>HDG</b> Ghi chú: Ngành yếu, hạn chế mua mới hoặc mua thêm. Biến động intraday: <b>-1.08%</b> Buy zone: 22.85 - 23.55 Stoploss: 22.5 Cooldown: <b>30 phút</b>  <b>V20.2 Context Filter:</b> Action: <b>KEEP</b> Penalty: <b>10</b> Lý do: Volume yếu 0.40x Time: 2026-06-04 13:00:09"
2026-06-04 13:03:29,V18.2 ENTRY,LPB,🔴 THỦNG STOPLOSS,46.2,47.28,48.72,,,46.56,,,LEGACY WATCH MODE,UNKNOWN,❌ Volume yếu | ❌ Yếu hơn giá tham chiếu | ✅ Giá không quá xa VWAP,"🔴 <b>LPB</b> — <b>🔴 THỦNG STOPLOSS</b>  <b>KẾT LUẬN:</b> <b>KHÔNG VÀO</b>  <b>ĐỘ TIN CẬY:</b> <b>HIGH</b> <b>SIZE GỢI Ý:</b> <b>0%</b>  <b>3 LÝ DO CHÍNH:</b> ❌ Volume yếu ❌ Yếu hơn giá tham chiếu ✅ Giá không quá xa VWAP  <b>Risk Gate:</b> Final: <b>WATCHLIST</b> | Mode: <b>LEGACY WATCH MODE</b> Meta Allocation: <b>1.00%</b> | Meta Exposure: <b>0.0000</b>  <b>Execution:</b> Quality: <b>YẾU</b> | Score: <b>20</b> Giá: <b>46.20</b> VWAP: <b>45.96</b> Volume ratio: <b>0.15</b>  <b>VN Trade Safety:</b> Thanh khoản: <b>ỔN</b> | GTGD 20p: <b>70.4 tỷ/ngày</b> Exit risk: <b>THẤP</b> | Safety score: <b>100</b>  <b>Sector Money Flow:</b> Ngành: <b>Ngân hàng</b> | Flow: <b>YẾU</b> | Score: <b>37.4</b> Rank: <b>2/19</b> | Leader: <b>MSB, LPB, ACB</b> Ghi chú: Ngành yếu, hạn chế mua mới hoặc mua thêm. Biến động intraday: <b>-3.75%</b> Buy zone: 47.28 - 48.72 Stoploss: 46.56 Cooldown: <b>45 phút</b>  <b>V20.2 Context Filter:</b> Action: <b>KEEP</b> Penalty: <b>10</b> Lý do: Volume yếu 0.15x Time: 2026-06-04 13:03:29"
2026-06-04 13:06:46,V18.2 ENTRY,VND,🟢 PULLBACK VÙNG MUA,17.8,17.68,18.22,,,17.41,,,LEGACY WATCH MODE,UNKNOWN,❌ Volume yếu | ✅ Giá không quá xa VWAP | ✅ Giá nằm trong vùng mua,"⚪ <b>VND</b> — <b>🟢 PULLBACK VÙNG MUA</b>  <b>KẾT LUẬN:</b> <b>WATCH</b>  <b>ĐỘ TIN CẬY:</b> <b>LOW</b> <b>SIZE GỢI Ý:</b> <b>0% - chỉ quan sát</b>  <b>3 LÝ DO CHÍNH:</b> ❌ Volume yếu ✅ Giá không quá xa VWAP ✅ Giá nằm trong vùng mua  <b>Risk Gate:</b> Final: <b>WATCHLIST</b> | Mode: <b>LEGACY WATCH MODE</b> Meta Allocation: <b>1.00%</b> | Meta Exposure: <b>0.0000</b>  <b>Execution:</b> Quality: <b>TRUNG TÍNH</b> | Score: <b>45</b> Giá: <b>17.80</b> VWAP: <b>17.70</b> Volume ratio: <b>0.53</b>  <b>VN Trade Safety:</b> Thanh khoản: <b>ỔN</b> | GTGD 20p: <b>275.3 tỷ/ngày</b> Exit risk: <b>THẤP</b> | Safety score: <b>100</b>  <b>Sector Money Flow:</b> Ngành: <b>Chứng khoán</b> | Flow: <b>YẾU</b> | Score: <b>28.4</b> Rank: <b>1/15</b> | Leader: <b>VND, IVS, SHS</b> Ghi chú: Ngành yếu, hạn chế mua mới hoặc mua thêm. Biến động intraday: <b>-0.84%</b> Buy zone: 17.68 - 18.22 Stoploss: 17.41 Cooldown: <b>30 phút</b>  <b>V20.2 Context Filter:</b> Action: <b>KEEP</b> Penalty: <b>10</b> Lý do: Volume yếu 0.53x Time: 2026-06-04 13:06:46"
2026-06-04 13:13:06,V18.2 ENTRY,ASM,🟢 PULLBACK VÙNG MUA,5.93,5.9,6.08,,,5.81,,,LEGACY WATCH MODE,UNKNOWN,❌ Giá dưới VWAP | ✅ Volume mạnh | ✅ Giá nằm trong vùng mua,"🔴 <b>ASM</b> — <b>🟢 PULLBACK VÙNG MUA</b>  <b>KẾT LUẬN:</b> <b>KHÔNG VÀO</b>  <b>ĐỘ TIN CẬY:</b> <b>HIGH</b> <b>SIZE GỢI Ý:</b> <b>0%</b>  <b>3 LÝ DO CHÍNH:</b> ❌ Giá dưới VWAP ✅ Volume mạnh ✅ Giá nằm trong vùng mua  <b>Risk Gate:</b> Final: <b>WATCHLIST</b> | Mode: <b>LEGACY WATCH MODE</b> Meta Allocation: <b>1.00%</b> | Meta Exposure: <b>0.0000</b>  <b>Execution:</b> Quality: <b>TRUNG TÍNH</b> | Score: <b>55</b> Giá: <b>5.93</b> VWAP: <b>5.95</b> Volume ratio: <b>2.95</b>  <b>VN Trade Safety:</b> Thanh khoản: <b>MỎNG</b> | GTGD 20p: <b>2.5 tỷ/ngày</b> Exit risk: <b>CAO</b> | Safety score: <b>35</b>  <b>Sector Money Flow:</b> Ngành: <b>Thủy sản</b> | Flow: <b>YẾU</b> | Score: <b>21.7</b> Rank: <b>1/4</b> | Leader: <b>ASM, VHC, IDI</b> Ghi chú: Ngành yếu, hạn chế mua mới hoặc mua thêm. Biến động intraday: <b>-1.00%</b> Buy zone: 5.9 - 6.08 Stoploss: 5.81 Cooldown: <b>30 phút</b>  <b>V20.2 Context Filter:</b> Action: <b>KEEP</b> Penalty: <b>0</b> Lý do:  Time: 2026-06-04 13:13:05"
2026-06-04 13:25:47,V18.2 ENTRY,KDC,🟢 PULLBACK VÙNG MUA,50.4,50.33,51.87,,,49.57,,,LEGACY WATCH MODE,UNKNOWN,❌ Giá dưới VWAP | ✅ Volume mạnh | ✅ Giá nằm trong vùng mua | ⚠ V20.2 hạ từ WATCH xuống KHÔNG VÀO: Volume spike 3.37x,"🔴 <b>KDC</b> — <b>🟢 PULLBACK VÙNG MUA</b>  <b>KẾT LUẬN:</b> <b>KHÔNG VÀO</b>  <b>ĐỘ TIN CẬY:</b> <b>LOW</b> <b>SIZE GỢI Ý:</b> <b>0% - chỉ quan sát</b>  <b>3 LÝ DO CHÍNH:</b> ❌ Giá dưới VWAP ✅ Volume mạnh ✅ Giá nằm trong vùng mua ⚠ V20.2 hạ từ WATCH xuống KHÔNG VÀO: Volume spike 3.37x  <b>Risk Gate:</b> Final: <b>WATCHLIST</b> | Mode: <b>LEGACY WATCH MODE</b> Meta Allocation: <b>1.00%</b> | Meta Exposure: <b>0.0000</b>  <b>Execution:</b> Quality: <b>TRUNG TÍNH</b> | Score: <b>55</b> Giá: <b>50.40</b> VWAP: <b>50.75</b> Volume ratio: <b>3.37</b>  <b>VN Trade Safety:</b> Thanh khoản: <b>TRUNG BÌNH</b> | GTGD 20p: <b>34.1 tỷ/ngày</b> Exit risk: <b>TRUNG BÌNH</b> | Safety score: <b>90</b>  <b>Sector Money Flow:</b> Ngành: <b>Thực phẩm</b> | Flow: <b>TRUNG TÍNH</b> | Score: <b>48.2</b> Rank: <b>1/3</b> | Leader: <b>KDC, QNS, VNM</b> Ghi chú: Dòng tiền ngành chưa quá rõ, không cộng điểm mạnh. Biến động intraday: <b>-1.37%</b> Buy zone: 50.33 - 51.87 Stoploss: 49.57 Cooldown: <b>30 phút</b>  <b>V20.2 Context Filter:</b> Action: <b>DOWNGRADE_ONE</b> Penalty: <b>25</b> Lý do: Volume spike 3.37x Time: 2026-06-04 13:25:46"
2026-06-04 13:38:49,V18.2 ENTRY,VND,🟢 PULLBACK VÙNG MUA,17.8,17.68,18.22,,,17.41,,,LEGACY WATCH MODE,UNKNOWN,❌ Volume yếu | ✅ Giá không quá xa VWAP | ✅ Giá nằm trong vùng mua,"⚪ <b>VND</b> — <b>🟢 PULLBACK VÙNG MUA</b>  <b>KẾT LUẬN:</b> <b>WATCH</b>  <b>ĐỘ TIN CẬY:</b> <b>LOW</b> <b>SIZE GỢI Ý:</b> <b>0% - chỉ quan sát</b>  <b>3 LÝ DO CHÍNH:</b> ❌ Volume yếu ✅ Giá không quá xa VWAP ✅ Giá nằm trong vùng mua  <b>Risk Gate:</b> Final: <b>WATCHLIST</b> | Mode: <b>LEGACY WATCH MODE</b> Meta Allocation: <b>1.00%</b> | Meta Exposure: <b>0.0000</b>  <b>Execution:</b> Quality: <b>TRUNG TÍNH</b> | Score: <b>45</b> Giá: <b>17.80</b> VWAP: <b>17.80</b> Volume ratio: <b>0.58</b>  <b>VN Trade Safety:</b> Thanh khoản: <b>ỔN</b> | GTGD 20p: <b>275.3 tỷ/ngày</b> Exit risk: <b>THẤP</b> | Safety score: <b>100</b>  <b>Sector Money Flow:</b> Ngành: <b>Chứng khoán</b> | Flow: <b>YẾU</b> | Score: <b>28.4</b> Rank: <b>1/15</b> | Leader: <b>VND, IVS, SHS</b> Ghi chú: Ngành yếu, hạn chế mua mới hoặc mua thêm. Biến động intraday: <b>-0.84%</b> Buy zone: 17.68 - 18.22 Stoploss: 17.41 Cooldown: <b>30 phút</b>  <b>V20.2 Context Filter:</b> Action: <b>KEEP</b> Penalty: <b>10</b> Lý do: Volume yếu 0.58x Time: 2026-06-04 13:38:48"
2026-06-04 13:48:18,V18.2 ENTRY,HDG,🟢 PULLBACK VÙNG MUA,23.05,22.85,23.55,,,22.5,,,LEGACY WATCH MODE,UNKNOWN,❌ Volume yếu | ✅ Giá không quá xa VWAP | ✅ Giá nằm trong vùng mua,"⚪ <b>HDG</b> — <b>🟢 PULLBACK VÙNG MUA</b>  <b>KẾT LUẬN:</b> <b>WATCH</b>  <b>ĐỘ TIN CẬY:</b> <b>LOW</b> <b>SIZE GỢI Ý:</b> <b>0% - chỉ quan sát</b>  <b>3 LÝ DO CHÍNH:</b> ❌ Volume yếu ✅ Giá không quá xa VWAP ✅ Giá nằm trong vùng mua  <b>Risk Gate:</b> Final: <b>WATCHLIST</b> | Mode: <b>LEGACY WATCH MODE</b> Meta Allocation: <b>1.00%</b> | Meta Exposure: <b>0.0000</b>  <b>Execution:</b> Quality: <b>TRUNG TÍNH</b> | Score: <b>45</b> Giá: <b>23.05</b> VWAP: <b>22.85</b> Volume ratio: <b>0.11</b>  <b>VN Trade Safety:</b> Thanh khoản: <b>TRUNG BÌNH</b> | GTGD 20p: <b>36.9 tỷ/ngày</b> Exit risk: <b>TRUNG BÌNH</b> | Safety score: <b>90</b>  <b>Sector Money Flow:</b> Ngành: <b>Bất động sản - Năng lượng</b> | Flow: <b>YẾU</b> | Score: <b>12.3</b> Rank: <b>1/1</b> | Leader: <b>HDG</b> Ghi chú: Ngành yếu, hạn chế mua mới hoặc mua thêm. Biến động intraday: <b>-0.65%</b> Buy zone: 22.85 - 23.55 Stoploss: 22.5 Cooldown: <b>30 phút</b>  <b>V20.2 Context Filter:</b> Action: <b>KEEP</b> Penalty: <b>10</b> Lý do: Volume yếu 0.11x Time: 2026-06-04 13:48:17"
2026-06-04 13:51:40,V18.2 ENTRY,LPB,🔴 THỦNG STOPLOSS,45.7,47.28,48.72,,,46.56,,,LEGACY WATCH MODE,UNKNOWN,❌ Giá dưới VWAP | ❌ Yếu hơn giá tham chiếu | ✅ Volume mạnh,"🔴 <b>LPB</b> — <b>🔴 THỦNG STOPLOSS</b>  <b>KẾT LUẬN:</b> <b>KHÔNG VÀO</b>  <b>ĐỘ TIN CẬY:</b> <b>HIGH</b> <b>SIZE GỢI Ý:</b> <b>0%</b>  <b>3 LÝ DO CHÍNH:</b> ❌ Giá dưới VWAP ❌ Yếu hơn giá tham chiếu ✅ Volume mạnh  <b>Risk Gate:</b> Final: <b>WATCHLIST</b> | Mode: <b>LEGACY WATCH MODE</b> Meta Allocation: <b>1.00%</b> | Meta Exposure: <b>0.0000</b>  <b>Execution:</b> Quality: <b>YẾU</b> | Score: <b>20</b> Giá: <b>45.70</b> VWAP: <b>45.94</b> Volume ratio: <b>3.49</b>  <b>VN Trade Safety:</b> Thanh khoản: <b>ỔN</b> | GTGD 20p: <b>70.4 tỷ/ngày</b> Exit risk: <b>THẤP</b> | Safety score: <b>100</b>  <b>Sector Money Flow:</b> Ngành: <b>Ngân hàng</b> | Flow: <b>YẾU</b> | Score: <b>37.4</b> Rank: <b>2/19</b> | Leader: <b>MSB, LPB, ACB</b> Ghi chú: Ngành yếu, hạn chế mua mới hoặc mua thêm. Biến động intraday: <b>-4.79%</b> Buy zone: 47.28 - 48.72 Stoploss: 46.56 Cooldown: <b>45 phút</b>  <b>V20.2 Context Filter:</b> Action: <b>DOWNGRADE_ONE</b> Penalty: <b>25</b> Lý do: Volume spike 3.49x Time: 2026-06-04 13:51:39"
