Mã,Chiến lược,Trạng thái,Tổng số mẫu,Chi phí giả lập %,Lợi nhuận TB T+5 gốc %,Lợi nhuận TB T+5 sau phí %,Winrate T+5 sau phí %,Lợi nhuận TB delay-entry sau phí %,Winrate delay-entry sau phí %,Regime hiện tại,Regime gộp tốt nhất,Số mẫu regime tốt nhất,Lợi nhuận TB regime tốt nhất sau phí %,Winrate regime tốt nhất sau phí %,Số regime gộp có lợi nhuận dương,Kết luận V15.3,Điểm regime-aware gốc,Hệ số regime,Điểm V15.3 cuối cùng,Phương pháp match,Ngày hiện tại,Giá hiện tại,RSI hiện tại,Ret5 hiện tại %,Dist MA20 hiện tại %,Drawdown20 hiện tại %,Chi tiết theo regime gộp
PET,BOTTOM,OK,80,0.8,1.86,1.06,50.0,0.42,47.5,RISK OFF,RISK OFF,21,4.89,71.4,2,REGIME FIT MẠNH,100,1.15,100,MATCH TƯƠNG ĐỒNG NỚI LỎNG,2026-05-28 07:00:00,48.85,48.97,0.21,2.07,-6.06,"RISK OFF: n=21, TB sau phí=4.89%, Win=71.4% | SIDEWAY: n=13, TB sau phí=3.76%, Win=61.5% | RISK ON: n=46, TB sau phí=-1.45%, Win=37.0%"
STB,BOTTOM,OK,80,0.8,1.84,1.04,55.0,0.74,52.5,RISK OFF,SIDEWAY,28,2.88,71.4,2,REGIME FIT MẠNH,100,1.15,100,MATCH TƯƠNG ĐỒNG NỚI LỎNG,2026-05-28 07:00:00,68.0,32.92,-3.95,-4.18,-11.46,"SIDEWAY: n=28, TB sau phí=2.88%, Win=71.4% | RISK ON: n=26, TB sau phí=0.75%, Win=42.3% | RISK OFF: n=26, TB sau phí=-0.66%, Win=50.0%"
VHM,BOTTOM,OK,80,0.8,1.75,0.95,55.0,0.4,52.5,RISK OFF,RISK OFF,12,3.31,75.0,3,REGIME FIT MẠNH,100,1.15,100,MATCH TƯƠNG ĐỒNG NỚI LỎNG,2026-05-28 07:00:00,157.7,44.71,-1.31,1.53,-9.0,"RISK OFF: n=12, TB sau phí=3.31%, Win=75.0% | SIDEWAY: n=18, TB sau phí=0.87%, Win=50.0% | RISK ON: n=50, TB sau phí=0.42%, Win=52.0%"
LPB,BOTTOM,OK,80,0.8,1.74,0.94,48.8,0.77,52.5,RISK OFF,SIDEWAY,8,3.33,75.0,2,REGIME FIT MẠNH,100,1.15,100,MATCH TƯƠNG ĐỒNG NỚI LỎNG,2026-05-28 07:00:00,53.0,72.88,-0.38,4.66,-3.79,"SIDEWAY: n=8, TB sau phí=3.33%, Win=75.0% | RISK ON: n=72, TB sau phí=0.67%, Win=45.8%"
VRE,BOTTOM,OK,80,0.8,1.16,0.36,50.0,0.27,47.5,RISK OFF,SIDEWAY,30,1.58,53.3,2,REGIME FIT MẠNH,100,1.15,100,MATCH TƯƠNG ĐỒNG NỚI LỎNG,2026-05-28 07:00:00,32.25,37.54,-1.68,-4.3,-14.0,"SIDEWAY: n=30, TB sau phí=1.58%, Win=53.3% | RISK OFF: n=21, TB sau phí=0.14%, Win=52.4% | RISK ON: n=29, TB sau phí=-0.75%, Win=44.8%"
KBC,BOTTOM,OK,80,0.8,1.12,0.32,57.5,0.1,51.2,RISK OFF,RISK OFF,29,1.42,65.5,2,REGIME FIT MẠNH,100,1.15,100,MATCH TƯƠNG ĐỒNG NỚI LỎNG,2026-05-28 07:00:00,30.6,24.14,-3.16,-5.93,-13.07,"RISK OFF: n=29, TB sau phí=1.42%, Win=65.5% | SIDEWAY: n=26, TB sau phí=1.30%, Win=73.1% | RISK ON: n=25, TB sau phí=-1.98%, Win=32.0%"
VNM,BOTTOM,OK,80,0.8,0.91,0.11,42.5,0.19,41.2,RISK OFF,SIDEWAY,22,0.97,68.2,1,REGIME FIT VỪA,80,1.15,97,MATCH TƯƠNG ĐỒNG NỚI LỎNG,2026-05-28 07:00:00,59.0,34.92,0.0,-1.72,-4.53,"SIDEWAY: n=22, TB sau phí=0.97%, Win=68.2% | RISK ON: n=37, TB sau phí=-0.17%, Win=29.7% | RISK OFF: n=21, TB sau phí=-0.29%, Win=38.1%"
ANV,MOMENTUM,OK,80,0.8,1.95,1.15,46.2,0.99,52.5,RISK OFF,RISK ON,62,1.79,45.2,2,REGIME FIT MẠNH,100,0.8,85,ĐIỀU KIỆN MOMENTUM NỚI LỎNG,2026-05-28 07:00:00,22.05,19.51,-2.0,-3.64,-9.63,"RISK ON: n=62, TB sau phí=1.79%, Win=45.2% | SIDEWAY: n=14, TB sau phí=0.46%, Win=57.1% | RISK OFF: n=4, TB sau phí=-6.42%, Win=25.0%"
CTR,MOMENTUM,OK,34,0.8,2.74,1.94,52.9,1.92,58.8,RISK OFF,RISK ON,26,2.48,50.0,2,REGIME FIT MẠNH,100,0.8,85,MATCH TƯƠNG ĐỒNG NỚI LỎNG,2026-05-28 07:00:00,90.0,65.87,-5.16,2.58,-5.66,"RISK ON: n=26, TB sau phí=2.48%, Win=50.0% | SIDEWAY: n=5, TB sau phí=0.40%, Win=60.0% | RISK OFF: n=3, TB sau phí=-0.19%, Win=66.7%"
KBC,MOMENTUM,OK,80,0.8,0.97,0.17,56.2,0.19,55.0,RISK OFF,RISK ON,76,0.44,57.9,1,REGIME FIT VỪA,80,0.8,69,ĐIỀU KIỆN MOMENTUM NỚI LỎNG,2026-05-28 07:00:00,30.6,24.14,-3.16,-5.93,-13.07,"RISK ON: n=76, TB sau phí=0.44%, Win=57.9% | SIDEWAY: n=2, TB sau phí=-3.56%, Win=50.0% | RISK OFF: n=2, TB sau phí=-6.03%, Win=0.0%"
CTR,BOTTOM,OK,80,0.8,1.02,0.22,41.2,0.08,38.8,RISK OFF,RISK ON,49,0.8,40.8,1,CHỈ HỢP MỘT PHA,60,1.05,68,MATCH TƯƠNG ĐỒNG NỚI LỎNG,2026-05-28 07:00:00,90.0,65.87,-5.16,2.58,-5.66,"RISK ON: n=49, TB sau phí=0.80%, Win=40.8% | SIDEWAY: n=19, TB sau phí=-0.44%, Win=42.1% | RISK OFF: n=12, TB sau phí=-1.08%, Win=41.7%"
DGW,MOMENTUM,OK,45,0.8,1.44,0.64,51.1,0.06,55.6,RISK OFF,RISK OFF,2,3.66,50.0,1,CHỈ HỢP MỘT PHA,60,1.0,65,MATCH TƯƠNG ĐỒNG NỚI LỎNG,2026-05-28 07:00:00,41.6,45.49,-0.24,-0.56,-4.78,"RISK OFF: n=2, TB sau phí=3.66%, Win=50.0% | RISK ON: n=40, TB sau phí=0.69%, Win=55.0% | SIDEWAY: n=3, TB sau phí=-2.12%, Win=0.0%"
VCI,MOMENTUM,OK,8,0.8,2.11,1.31,75.0,1.24,75.0,RISK OFF,RISK OFF,1,6.0,100.0,1,CHỈ HỢP MỘT PHA,55,1.0,60,MATCH TƯƠNG ĐỒNG NỚI LỎNG,2026-05-28 07:00:00,25.0,36.99,1.63,-2.08,-6.54,"RISK OFF: n=1, TB sau phí=6.00%, Win=100.0% | RISK ON: n=7, TB sau phí=0.65%, Win=71.4%"
GMD,MOMENTUM,OK,80,0.8,1.0,0.2,56.2,-0.13,51.2,RISK OFF,RISK ON,58,0.81,60.3,1,REGIME FIT VỪA,80,0.8,54,ĐIỀU KIỆN MOMENTUM NỚI LỎNG,2026-05-28 07:00:00,72.5,27.94,-2.68,-4.7,-9.57,"RISK ON: n=58, TB sau phí=0.81%, Win=60.3% | SIDEWAY: n=12, TB sau phí=-0.10%, Win=50.0% | RISK OFF: n=10, TB sau phí=-2.99%, Win=40.0%"
SSI,MOMENTUM,OK,12,0.8,0.89,0.09,58.3,-0.15,58.3,RISK OFF,RISK ON,11,0.86,63.6,1,REGIME FIT VỪA,75,0.8,50,MATCH TƯƠNG ĐỒNG NỚI LỎNG,2026-05-28 07:00:00,27.55,40.26,1.66,-1.02,-4.34,"RISK ON: n=11, TB sau phí=0.86%, Win=63.6% | SIDEWAY: n=1, TB sau phí=-8.39%, Win=0.0%"
VIC,MOMENTUM,OK,80,0.8,3.18,2.38,58.8,1.8,58.8,RISK OFF,RISK OFF,2,8.02,100.0,2,CẦN THEO DÕI THÊM,25,1.0,35,ĐIỀU KIỆN MOMENTUM NỚI LỎNG,2026-05-28 07:00:00,210.8,31.37,-3.61,-4.27,-9.14,"RISK OFF: n=2, TB sau phí=8.02%, Win=100.0% | SIDEWAY: n=24, TB sau phí=4.58%, Win=75.0% | RISK ON: n=54, TB sau phí=1.20%, Win=50.0%"
BSR,BOTTOM,OK,80,0.8,1.89,1.09,41.2,1.33,43.8,RISK OFF,RISK ON,46,1.59,39.1,2,CẦN THEO DÕI THÊM,25,1.05,31,MATCH TƯƠNG ĐỒNG NỚI LỎNG,2026-05-28 07:00:00,28.5,58.59,-7.17,-0.53,-16.05,"RISK ON: n=46, TB sau phí=1.59%, Win=39.1% | SIDEWAY: n=25, TB sau phí=1.16%, Win=52.0% | RISK OFF: n=9, TB sau phí=-1.61%, Win=22.2%"
PHP,BOTTOM,OK,80,0.8,0.85,0.05,46.2,0.07,50.0,RISK OFF,RISK ON,52,0.56,53.8,2,CẦN THEO DÕI THÊM,25,1.05,31,MATCH TƯƠNG ĐỒNG NỚI LỎNG,2026-05-28 07:00:00,36.8,54.55,-1.34,0.74,-4.42,"RISK ON: n=52, TB sau phí=0.56%, Win=53.8% | SIDEWAY: n=18, TB sau phí=0.44%, Win=44.4% | RISK OFF: n=10, TB sau phí=-3.32%, Win=10.0%"
BSR,MOMENTUM,OK,80,0.8,3.89,3.09,57.5,2.02,55.0,RISK OFF,SIDEWAY,10,4.27,60.0,2,CẦN THEO DÕI THÊM,25,0.8,30,ĐIỀU KIỆN MOMENTUM NỚI LỎNG,2026-05-28 07:00:00,28.5,58.59,-7.17,-0.53,-16.05,"SIDEWAY: n=10, TB sau phí=4.27%, Win=60.0% | RISK ON: n=64, TB sau phí=3.26%, Win=59.4% | RISK OFF: n=6, TB sau phí=-0.58%, Win=33.3%"
PHP,MOMENTUM,OK,79,0.8,0.99,0.19,43.0,0.02,41.8,RISK OFF,RISK OFF,3,5.48,66.7,2,CẦN THEO DÕI THÊM,25,1.0,30,MATCH TƯƠNG ĐỒNG NỚI LỎNG,2026-05-28 07:00:00,36.8,54.55,-1.34,0.74,-4.42,"RISK OFF: n=3, TB sau phí=5.48%, Win=66.7% | SIDEWAY: n=6, TB sau phí=1.83%, Win=50.0% | RISK ON: n=70, TB sau phí=-0.18%, Win=41.4%"
PET,MOMENTUM,OK,49,0.8,2.13,1.33,57.1,0.71,57.1,RISK OFF,RISK OFF,4,9.2,75.0,2,CẦN THEO DÕI THÊM,25,1.0,30,MATCH TƯƠNG ĐỒNG NỚI LỎNG,2026-05-28 07:00:00,48.85,48.97,0.21,2.07,-6.06,"RISK OFF: n=4, TB sau phí=9.20%, Win=75.0% | RISK ON: n=43, TB sau phí=0.91%, Win=58.1% | SIDEWAY: n=2, TB sau phí=-5.52%, Win=0.0%"
BVB,MOMENTUM,OK,44,0.8,1.68,0.88,47.7,0.78,47.7,RISK OFF,RISK OFF,5,5.41,60.0,3,CẦN THEO DÕI THÊM,25,1.0,30,MATCH TƯƠNG ĐỒNG NỚI LỎNG,2026-05-28 07:00:00,12.5,43.75,2.46,-0.2,-4.58,"RISK OFF: n=5, TB sau phí=5.41%, Win=60.0% | SIDEWAY: n=5, TB sau phí=1.62%, Win=40.0% | RISK ON: n=34, TB sau phí=0.11%, Win=47.1%"
DHC,MOMENTUM,OK,30,0.8,1.13,0.33,40.0,0.49,40.0,RISK OFF,SIDEWAY,7,2.17,71.4,2,CẦN THEO DÕI THÊM,25,0.8,25,MATCH TƯƠNG ĐỒNG NỚI LỎNG,2026-05-28 07:00:00,36.4,44.32,3.85,1.2,-2.93,"SIDEWAY: n=7, TB sau phí=2.17%, Win=71.4% | RISK ON: n=22, TB sau phí=0.02%, Win=31.8% | RISK OFF: n=1, TB sau phí=-5.72%, Win=0.0%"
HDB,BOTTOM,OK,80,0.8,0.72,-0.08,50.0,-0.2,51.2,RISK OFF,SIDEWAY,32,0.14,46.9,2,KHÔNG ỔN ĐỊNH THEO REGIME,25,1.15,4,MATCH TƯƠNG ĐỒNG NỚI LỎNG,2026-05-28 07:00:00,25.85,35.29,0.0,-3.43,-8.01,"SIDEWAY: n=32, TB sau phí=0.14%, Win=46.9% | RISK OFF: n=34, TB sau phí=0.14%, Win=55.9% | RISK ON: n=14, TB sau phí=-1.12%, Win=42.9%"
DHC,BOTTOM,OK,80,0.8,0.57,-0.23,40.0,-0.19,43.8,RISK OFF,SIDEWAY,16,3.43,62.5,1,KHÔNG ỔN ĐỊNH THEO REGIME,25,1.15,4,MATCH TƯƠNG ĐỒNG NỚI LỎNG,2026-05-28 07:00:00,36.4,44.32,3.85,1.2,-2.93,"SIDEWAY: n=16, TB sau phí=3.43%, Win=62.5% | RISK ON: n=50, TB sau phí=-0.79%, Win=36.0% | RISK OFF: n=14, TB sau phí=-2.40%, Win=28.6%"
DBC,BOTTOM,OK,80,0.8,0.55,-0.25,45.0,-0.32,43.8,RISK OFF,SIDEWAY,17,0.16,58.8,1,KHÔNG ỔN ĐỊNH THEO REGIME,25,1.15,4,MATCH TƯƠNG ĐỒNG NỚI LỎNG,2026-05-28 07:00:00,21.65,27.03,-0.46,-2.93,-6.07,"SIDEWAY: n=17, TB sau phí=0.16%, Win=58.8% | RISK OFF: n=23, TB sau phí=-0.22%, Win=47.8% | RISK ON: n=40, TB sau phí=-0.44%, Win=37.5%"
DGW,BOTTOM,OK,80,0.8,0.45,-0.35,36.2,-0.3,40.0,RISK OFF,RISK OFF,13,3.82,76.9,2,KHÔNG ỔN ĐỊNH THEO REGIME,25,1.15,4,MATCH TƯƠNG ĐỒNG NỚI LỎNG,2026-05-28 07:00:00,41.6,45.49,-0.24,-0.56,-4.78,"RISK OFF: n=13, TB sau phí=3.82%, Win=76.9% | SIDEWAY: n=22, TB sau phí=1.04%, Win=40.9% | RISK ON: n=45, TB sau phí=-2.23%, Win=22.2%"
AGR,BOTTOM,OK,80,0.8,0.44,-0.36,37.5,-0.42,32.5,RISK OFF,SIDEWAY,16,0.56,62.5,1,KHÔNG ỔN ĐỊNH THEO REGIME,25,1.15,4,MATCH TƯƠNG ĐỒNG NỚI LỎNG,2026-05-28 07:00:00,14.65,50.0,2.09,0.36,-2.01,"SIDEWAY: n=16, TB sau phí=0.56%, Win=62.5% | RISK ON: n=58, TB sau phí=-0.52%, Win=31.0% | RISK OFF: n=6, TB sau phí=-1.29%, Win=33.3%"
GMD,BOTTOM,OK,80,0.8,0.2,-0.6,53.8,-0.62,53.8,RISK OFF,RISK OFF,15,1.22,73.3,1,KHÔNG ỔN ĐỊNH THEO REGIME,25,1.15,4,MATCH TƯƠNG ĐỒNG NỚI LỎNG,2026-05-28 07:00:00,72.5,27.94,-2.68,-4.7,-9.57,"RISK OFF: n=15, TB sau phí=1.22%, Win=73.3% | RISK ON: n=47, TB sau phí=-0.29%, Win=46.8% | SIDEWAY: n=18, TB sau phí=-2.95%, Win=55.6%"
NT2,BOTTOM,OK,80,0.8,0.19,-0.61,42.5,-0.7,43.8,RISK OFF,SIDEWAY,14,0.66,57.1,1,KHÔNG ỔN ĐỊNH THEO REGIME,25,1.15,4,MATCH TƯƠNG ĐỒNG NỚI LỎNG,2026-05-28 07:00:00,23.0,50.0,0.0,-1.61,-7.63,"SIDEWAY: n=14, TB sau phí=0.66%, Win=57.1% | RISK OFF: n=26, TB sau phí=-0.04%, Win=42.3% | RISK ON: n=40, TB sau phí=-1.43%, Win=37.5%"
GAS,BOTTOM,OK,80,0.8,0.11,-0.69,50.0,-0.41,48.8,RISK OFF,SIDEWAY,16,3.56,81.2,1,KHÔNG ỔN ĐỊNH THEO REGIME,25,1.15,4,MATCH TƯƠNG ĐỒNG NỚI LỎNG,2026-05-28 07:00:00,81.7,58.84,-6.41,0.04,-14.45,"SIDEWAY: n=16, TB sau phí=3.56%, Win=81.2% | RISK ON: n=52, TB sau phí=-0.67%, Win=44.2% | RISK OFF: n=12, TB sau phí=-6.46%, Win=33.3%"
HSG,BOTTOM,OK,80,0.8,-0.02,-0.82,38.8,-0.82,41.2,RISK OFF,SIDEWAY,15,0.34,53.3,1,KHÔNG ỔN ĐỊNH THEO REGIME,25,1.15,4,MATCH TƯƠNG ĐỒNG NỚI LỎNG,2026-05-28 07:00:00,12.55,52.27,2.87,1.56,-3.46,"SIDEWAY: n=15, TB sau phí=0.34%, Win=53.3% | RISK OFF: n=13, TB sau phí=-0.86%, Win=38.5% | RISK ON: n=52, TB sau phí=-1.14%, Win=34.6%"
SHB,BOTTOM,OK,80,0.8,-0.02,-0.82,38.8,-0.93,35.0,RISK OFF,RISK OFF,27,0.01,48.1,1,KHÔNG ỔN ĐỊNH THEO REGIME,25,1.15,4,MATCH TƯƠNG ĐỒNG NỚI LỎNG,2026-05-28 07:00:00,13.8,34.48,1.47,-1.02,-5.8,"RISK OFF: n=27, TB sau phí=0.01%, Win=48.1% | SIDEWAY: n=27, TB sau phí=-0.79%, Win=44.4% | RISK ON: n=26, TB sau phí=-1.70%, Win=23.1%"
TPB,BOTTOM,OK,80,0.8,-0.07,-0.87,30.0,-0.74,36.2,RISK OFF,SIDEWAY,19,0.61,63.2,2,KHÔNG ỔN ĐỊNH THEO REGIME,25,1.15,4,MATCH TƯƠNG ĐỒNG NỚI LỎNG,2026-05-28 07:00:00,15.9,48.08,1.92,0.36,-3.34,"SIDEWAY: n=19, TB sau phí=0.61%, Win=63.2% | RISK OFF: n=15, TB sau phí=0.05%, Win=33.3% | RISK ON: n=46, TB sau phí=-1.78%, Win=15.2%"
VIP,BOTTOM,OK,80,0.8,-0.08,-0.88,26.2,-0.75,28.7,RISK OFF,SIDEWAY,18,0.45,55.6,1,KHÔNG ỔN ĐỊNH THEO REGIME,25,1.15,4,MATCH TƯƠNG ĐỒNG NỚI LỎNG,2026-05-28 07:00:00,11.35,44.44,0.44,-0.39,-1.73,"SIDEWAY: n=18, TB sau phí=0.45%, Win=55.6% | RISK OFF: n=11, TB sau phí=-0.71%, Win=36.4% | RISK ON: n=51, TB sau phí=-1.39%, Win=13.7%"
VPB,BOTTOM,OK,80,0.8,-0.14,-0.94,38.8,-0.98,45.0,RISK OFF,SIDEWAY,18,-0.27,50.0,0,KHÔNG ỔN ĐỊNH THEO REGIME,25,1.15,4,MATCH TƯƠNG ĐỒNG NỚI LỎNG,2026-05-28 07:00:00,27.3,48.43,1.11,0.19,-3.36,"SIDEWAY: n=18, TB sau phí=-0.27%, Win=50.0% | RISK OFF: n=10, TB sau phí=-1.00%, Win=40.0% | RISK ON: n=52, TB sau phí=-1.17%, Win=34.6%"
KSB,BOTTOM,OK,80,0.8,-0.15,-0.95,33.8,-1.01,30.0,RISK OFF,SIDEWAY,16,0.16,56.2,1,KHÔNG ỔN ĐỊNH THEO REGIME,25,1.15,4,MATCH TƯƠNG ĐỒNG NỚI LỎNG,2026-05-28 07:00:00,15.15,32.43,-0.98,-3.61,-7.06,"SIDEWAY: n=16, TB sau phí=0.16%, Win=56.2% | RISK OFF: n=21, TB sau phí=-0.79%, Win=38.1% | RISK ON: n=43, TB sau phí=-1.45%, Win=23.3%"
BVB,BOTTOM,OK,80,0.8,-0.18,-0.98,32.5,-0.81,32.5,RISK OFF,SIDEWAY,12,1.16,58.3,1,KHÔNG ỔN ĐỊNH THEO REGIME,25,1.15,4,MATCH TƯƠNG ĐỒNG NỚI LỎNG,2026-05-28 07:00:00,12.5,43.75,2.46,-0.2,-4.58,"SIDEWAY: n=12, TB sau phí=1.16%, Win=58.3% | RISK OFF: n=19, TB sau phí=-1.31%, Win=31.6% | RISK ON: n=49, TB sau phí=-1.37%, Win=26.5%"
APH,BOTTOM,OK,80,0.8,-0.25,-1.05,36.2,-1.03,37.5,RISK OFF,SIDEWAY,30,-0.82,36.7,0,KHÔNG ỔN ĐỊNH THEO REGIME,25,1.15,4,MATCH TƯƠNG ĐỒNG NỚI LỎNG,2026-05-28 07:00:00,5.55,28.3,-0.18,-2.47,-8.72,"SIDEWAY: n=30, TB sau phí=-0.82%, Win=36.7% | RISK OFF: n=22, TB sau phí=-0.98%, Win=40.9% | RISK ON: n=28, TB sau phí=-1.34%, Win=32.1%"
TCB,BOTTOM,OK,80,0.8,-0.26,-1.06,45.0,-0.98,42.5,RISK OFF,RISK OFF,15,-0.75,46.7,0,KHÔNG ỔN ĐỊNH THEO REGIME,25,1.15,4,MATCH TƯƠNG ĐỒNG NỚI LỎNG,2026-05-28 07:00:00,32.6,43.65,1.09,-0.95,-4.34,"RISK OFF: n=15, TB sau phí=-0.75%, Win=46.7% | RISK ON: n=36, TB sau phí=-1.12%, Win=50.0% | SIDEWAY: n=29, TB sau phí=-1.15%, Win=37.9%"
CRE,BOTTOM,OK,80,0.8,-0.29,-1.09,31.2,-0.81,31.2,RISK OFF,RISK OFF,7,2.92,42.9,1,KHÔNG ỔN ĐỊNH THEO REGIME,25,1.15,4,MATCH TƯƠNG ĐỒNG NỚI LỎNG,2026-05-28 07:00:00,7.93,62.29,7.16,3.9,-0.88,"RISK OFF: n=7, TB sau phí=2.92%, Win=42.9% | RISK ON: n=60, TB sau phí=-0.99%, Win=35.0% | SIDEWAY: n=13, TB sau phí=-3.75%, Win=7.7%"
STK,BOTTOM,OK,80,0.8,-0.42,-1.22,25.0,-1.2,25.0,RISK OFF,SIDEWAY,9,-0.7,33.3,0,KHÔNG ỔN ĐỊNH THEO REGIME,25,1.15,4,MATCH TƯƠNG ĐỒNG NỚI LỎNG,2026-05-28 07:00:00,12.1,26.32,-6.2,-6.2,-12.32,"SIDEWAY: n=9, TB sau phí=-0.70%, Win=33.3% | RISK ON: n=65, TB sau phí=-1.23%, Win=24.6% | RISK OFF: n=6, TB sau phí=-1.97%, Win=16.7%"
IDC,BOTTOM,OK,80,0.8,-0.44,-1.24,32.5,-0.8,37.5,RISK OFF,RISK OFF,14,3.39,64.3,2,KHÔNG ỔN ĐỊNH THEO REGIME,25,1.15,4,MATCH TƯƠNG ĐỒNG NỚI LỎNG,2026-05-28 07:00:00,43.4,36.84,-1.81,-1.74,-6.26,"RISK OFF: n=14, TB sau phí=3.39%, Win=64.3% | SIDEWAY: n=18, TB sau phí=1.01%, Win=61.1% | RISK ON: n=48, TB sau phí=-3.43%, Win=12.5%"
VCI,BOTTOM,OK,80,0.8,-0.46,-1.26,36.2,-1.21,33.8,RISK OFF,SIDEWAY,14,-0.03,50.0,0,KHÔNG ỔN ĐỊNH THEO REGIME,25,1.15,4,MATCH TƯƠNG ĐỒNG NỚI LỎNG,2026-05-28 07:00:00,25.0,36.99,1.63,-2.08,-6.54,"SIDEWAY: n=14, TB sau phí=-0.03%, Win=50.0% | RISK OFF: n=21, TB sau phí=-0.32%, Win=47.6% | RISK ON: n=45, TB sau phí=-2.09%, Win=26.7%"
VIB,BOTTOM,OK,80,0.8,-0.53,-1.33,26.2,-1.16,30.0,RISK OFF,SIDEWAY,9,-0.13,33.3,0,KHÔNG ỔN ĐỊNH THEO REGIME,25,1.15,4,MATCH TƯƠNG ĐỒNG NỚI LỎNG,2026-05-28 07:00:00,16.3,54.9,2.52,1.51,-3.83,"SIDEWAY: n=9, TB sau phí=-0.13%, Win=33.3% | RISK OFF: n=20, TB sau phí=-0.67%, Win=40.0% | RISK ON: n=51, TB sau phí=-1.81%, Win=19.6%"
IJC,BOTTOM,OK,80,0.8,-0.54,-1.34,27.5,-1.17,32.5,RISK OFF,RISK OFF,24,0.29,50.0,1,KHÔNG ỔN ĐỊNH THEO REGIME,25,1.15,4,MATCH TƯƠNG ĐỒNG NỚI LỎNG,2026-05-28 07:00:00,9.68,29.21,0.73,-2.78,-6.47,"RISK OFF: n=24, TB sau phí=0.29%, Win=50.0% | SIDEWAY: n=21, TB sau phí=-1.36%, Win=28.6% | RISK ON: n=35, TB sau phí=-2.45%, Win=11.4%"
NBB,BOTTOM,OK,80,0.8,-0.55,-1.35,17.5,-1.25,20.0,RISK OFF,RISK OFF,12,0.97,66.7,1,KHÔNG ỔN ĐỊNH THEO REGIME,25,1.15,4,MATCH TƯƠNG ĐỒNG NỚI LỎNG,2026-05-28 07:00:00,17.6,52.38,-0.56,-0.58,-1.95,"RISK OFF: n=12, TB sau phí=0.97%, Win=66.7% | SIDEWAY: n=17, TB sau phí=-1.67%, Win=0.0% | RISK ON: n=51, TB sau phí=-1.80%, Win=11.8%"
ELC,BOTTOM,OK,80,0.8,-0.62,-1.42,35.0,-1.35,32.5,RISK OFF,SIDEWAY,17,-0.7,52.9,0,KHÔNG ỔN ĐỊNH THEO REGIME,25,1.15,4,MATCH TƯƠNG ĐỒNG NỚI LỎNG,2026-05-28 07:00:00,15.95,34.33,-3.92,-4.43,-9.89,"SIDEWAY: n=17, TB sau phí=-0.70%, Win=52.9% | RISK ON: n=46, TB sau phí=-1.47%, Win=32.6% | RISK OFF: n=17, TB sau phí=-2.02%, Win=23.5%"
OCB,BOTTOM,OK,80,0.8,-0.63,-1.43,27.5,-1.25,28.7,RISK OFF,SIDEWAY,13,-0.97,38.5,0,KHÔNG ỔN ĐỊNH THEO REGIME,25,1.15,4,MATCH TƯƠNG ĐỒNG NỚI LỎNG,2026-05-28 07:00:00,11.75,60.42,6.33,4.03,-2.89,"SIDEWAY: n=13, TB sau phí=-0.97%, Win=38.5% | RISK ON: n=62, TB sau phí=-1.49%, Win=27.4% | RISK OFF: n=5, TB sau phí=-1.79%, Win=0.0%"
FCN,BOTTOM,OK,80,0.8,-0.69,-1.49,33.8,-1.27,32.5,RISK OFF,RISK OFF,18,-0.14,44.4,0,KHÔNG ỔN ĐỊNH THEO REGIME,25,1.15,4,MATCH TƯƠNG ĐỒNG NỚI LỎNG,2026-05-28 07:00:00,12.9,40.0,1.98,-0.73,-4.44,"RISK OFF: n=18, TB sau phí=-0.14%, Win=44.4% | SIDEWAY: n=11, TB sau phí=-1.57%, Win=45.5% | RISK ON: n=51, TB sau phí=-1.95%, Win=27.5%"
FTS,BOTTOM,OK,80,0.8,-0.94,-1.74,31.2,-1.54,31.2,RISK OFF,SIDEWAY,19,-0.26,52.6,0,KHÔNG ỔN ĐỊNH THEO REGIME,25,1.15,4,MATCH TƯƠNG ĐỒNG NỚI LỎNG,2026-05-28 07:00:00,23.8,52.22,1.06,0.2,-3.64,"SIDEWAY: n=19, TB sau phí=-0.26%, Win=52.6% | RISK OFF: n=4, TB sau phí=-0.69%, Win=50.0% | RISK ON: n=57, TB sau phí=-2.31%, Win=22.8%"
PDR,BOTTOM,OK,80,0.8,-0.98,-1.78,35.0,-1.44,31.2,RISK OFF,RISK OFF,14,0.61,64.3,1,KHÔNG ỔN ĐỊNH THEO REGIME,25,1.15,4,MATCH TƯƠNG ĐỒNG NỚI LỎNG,2026-05-28 07:00:00,16.5,52.11,2.8,0.27,-4.35,"RISK OFF: n=14, TB sau phí=0.61%, Win=64.3% | RISK ON: n=48, TB sau phí=-2.03%, Win=27.1% | SIDEWAY: n=18, TB sau phí=-2.99%, Win=33.3%"
BVS,BOTTOM,OK,80,0.8,-1.09,-1.89,27.5,-1.72,27.5,RISK OFF,RISK OFF,11,-1.73,36.4,0,KHÔNG ỔN ĐỊNH THEO REGIME,25,1.15,4,MATCH TƯƠNG ĐỒNG NỚI LỎNG,2026-05-28 07:00:00,26.4,50.0,2.33,1.07,-2.22,"RISK OFF: n=11, TB sau phí=-1.73%, Win=36.4% | SIDEWAY: n=16, TB sau phí=-1.76%, Win=37.5% | RISK ON: n=53, TB sau phí=-1.96%, Win=22.6%"
GIL,BOTTOM,OK,80,0.8,-1.12,-1.92,30.0,-1.75,21.2,RISK OFF,SIDEWAY,21,0.16,57.1,1,KHÔNG ỔN ĐỊNH THEO REGIME,25,1.15,4,MATCH TƯƠNG ĐỒNG NỚI LỎNG,2026-05-28 07:00:00,12.6,31.25,1.2,-1.98,-6.67,"SIDEWAY: n=21, TB sau phí=0.16%, Win=57.1% | RISK OFF: n=12, TB sau phí=-1.52%, Win=41.7% | RISK ON: n=47, TB sau phí=-2.94%, Win=14.9%"
VGC,BOTTOM,OK,80,0.8,-1.61,-2.41,30.0,-2.09,35.0,RISK OFF,SIDEWAY,20,-1.62,35.0,0,KHÔNG ỔN ĐỊNH THEO REGIME,25,1.15,4,MATCH TƯƠNG ĐỒNG NỚI LỎNG,2026-05-28 07:00:00,42.75,35.78,-1.95,-1.9,-6.46,"SIDEWAY: n=20, TB sau phí=-1.62%, Win=35.0% | RISK OFF: n=13, TB sau phí=-1.63%, Win=38.5% | RISK ON: n=47, TB sau phí=-2.97%, Win=25.5%"
MBS,BOTTOM,OK,80,0.8,-1.63,-2.43,31.2,-2.11,33.8,RISK OFF,SIDEWAY,13,-0.58,53.8,0,KHÔNG ỔN ĐỊNH THEO REGIME,25,1.15,4,MATCH TƯƠNG ĐỒNG NỚI LỎNG,2026-05-28 07:00:00,19.9,55.88,3.11,1.4,-3.4,"SIDEWAY: n=13, TB sau phí=-0.58%, Win=53.8% | RISK OFF: n=9, TB sau phí=-0.76%, Win=44.4% | RISK ON: n=58, TB sau phí=-3.10%, Win=24.1%"
CTS,BOTTOM,OK,80,0.8,-1.69,-2.49,30.0,-2.15,30.0,RISK OFF,SIDEWAY,19,-0.83,42.1,0,KHÔNG ỔN ĐỊNH THEO REGIME,25,1.15,4,MATCH TƯƠNG ĐỒNG NỚI LỎNG,2026-05-28 07:00:00,27.6,56.41,1.1,0.39,-4.83,"SIDEWAY: n=19, TB sau phí=-0.83%, Win=42.1% | RISK OFF: n=2, TB sau phí=-1.79%, Win=50.0% | RISK ON: n=59, TB sau phí=-3.05%, Win=25.4%"
SHS,BOTTOM,OK,80,0.8,-1.75,-2.55,35.0,-2.04,35.0,RISK OFF,SIDEWAY,21,-1.41,38.1,0,KHÔNG ỔN ĐỊNH THEO REGIME,25,1.15,4,MATCH TƯƠNG ĐỒNG NỚI LỎNG,2026-05-28 07:00:00,18.0,58.82,5.26,2.45,-3.74,"SIDEWAY: n=21, TB sau phí=-1.41%, Win=38.1% | RISK ON: n=58, TB sau phí=-2.81%, Win=34.5% | RISK OFF: n=1, TB sau phí=-11.67%, Win=0.0%"
NLG,BOTTOM,OK,80,0.8,-2.08,-2.88,25.0,-2.54,20.0,RISK OFF,RISK OFF,20,0.06,60.0,1,KHÔNG ỔN ĐỊNH THEO REGIME,25,1.15,4,MATCH TƯƠNG ĐỒNG NỚI LỎNG,2026-05-28 07:00:00,26.55,50.5,5.15,0.06,-6.51,"RISK OFF: n=20, TB sau phí=0.06%, Win=60.0% | SIDEWAY: n=13, TB sau phí=-3.29%, Win=23.1% | RISK ON: n=47, TB sau phí=-4.02%, Win=10.6%"
NTP,BOTTOM,OK,80,0.8,0.76,-0.04,40.0,-0.17,45.0,RISK OFF,RISK ON,59,0.65,49.2,1,KHÔNG ỔN ĐỊNH THEO REGIME,25,1.05,1,MATCH TƯƠNG ĐỒNG NỚI LỎNG,2026-05-28 07:00:00,60.1,53.66,0.7,1.03,-3.53,"RISK ON: n=59, TB sau phí=0.65%, Win=49.2% | RISK OFF: n=7, TB sau phí=-1.80%, Win=14.3% | SIDEWAY: n=14, TB sau phí=-2.08%, Win=14.3%"
ACB,BOTTOM,OK,80,0.8,0.68,-0.12,40.0,-0.15,35.0,RISK OFF,RISK ON,72,0.1,43.1,1,KHÔNG ỔN ĐỊNH THEO REGIME,25,1.05,1,MATCH TƯƠNG ĐỒNG NỚI LỎNG,2026-05-28 07:00:00,24.65,68.37,8.11,6.16,-3.14,"RISK ON: n=72, TB sau phí=0.10%, Win=43.1% | RISK OFF: n=4, TB sau phí=-1.85%, Win=0.0% | SIDEWAY: n=4, TB sau phí=-2.28%, Win=25.0%"
MWG,BOTTOM,OK,80,0.8,0.62,-0.18,52.5,-0.29,46.2,RISK OFF,RISK ON,28,0.76,57.1,1,KHÔNG ỔN ĐỊNH THEO REGIME,25,1.05,1,MATCH TƯƠNG ĐỒNG NỚI LỎNG,2026-05-28 07:00:00,77.7,28.57,-2.26,-4.99,-11.1,"RISK ON: n=28, TB sau phí=0.76%, Win=57.1% | RISK OFF: n=31, TB sau phí=-0.55%, Win=48.4% | SIDEWAY: n=21, TB sau phí=-0.88%, Win=52.4%"
VIC,BOTTOM,OK,80,0.8,0.33,-0.47,41.2,-0.76,36.2,RISK OFF,RISK ON,31,0.62,51.6,1,KHÔNG ỔN ĐỊNH THEO REGIME,25,1.05,1,MATCH TƯƠNG ĐỒNG NỚI LỎNG,2026-05-28 07:00:00,210.8,31.37,-3.61,-4.27,-9.14,"RISK ON: n=31, TB sau phí=0.62%, Win=51.6% | SIDEWAY: n=24, TB sau phí=-1.08%, Win=29.2% | RISK OFF: n=25, TB sau phí=-1.23%, Win=40.0%"
SSI,BOTTOM,OK,80,0.8,0.19,-0.61,41.2,-0.68,36.2,RISK OFF,RISK ON,44,-0.47,38.6,0,KHÔNG ỔN ĐỊNH THEO REGIME,25,1.05,1,MATCH TƯƠNG ĐỒNG NỚI LỎNG,2026-05-28 07:00:00,27.55,40.26,1.66,-1.02,-4.34,"RISK ON: n=44, TB sau phí=-0.47%, Win=38.6% | SIDEWAY: n=26, TB sau phí=-0.71%, Win=46.2% | RISK OFF: n=10, TB sau phí=-1.01%, Win=40.0%"
VIX,BOTTOM,OK,80,0.8,-0.34,-1.14,38.8,-0.97,37.5,RISK OFF,RISK ON,33,-0.36,36.4,0,KHÔNG ỔN ĐỊNH THEO REGIME,25,1.05,1,MATCH TƯƠNG ĐỒNG NỚI LỎNG,2026-05-28 07:00:00,17.6,38.64,-7.85,-3.97,-11.34,"RISK ON: n=33, TB sau phí=-0.36%, Win=36.4% | RISK OFF: n=22, TB sau phí=-1.34%, Win=36.4% | SIDEWAY: n=25, TB sau phí=-2.01%, Win=44.0%"
VND,BOTTOM,OK,80,0.8,-0.44,-1.24,41.2,-1.03,35.0,RISK OFF,RISK ON,74,-0.88,43.2,0,KHÔNG ỔN ĐỊNH THEO REGIME,25,1.05,1,MATCH TƯƠNG ĐỒNG NỚI LỎNG,2026-05-28 07:00:00,17.8,69.01,8.87,6.22,-3.26,"RISK ON: n=74, TB sau phí=-0.88%, Win=43.2% | SIDEWAY: n=5, TB sau phí=-4.66%, Win=20.0% | RISK OFF: n=1, TB sau phí=-11.27%, Win=0.0%"
PNJ,BOTTOM,OK,80,0.8,-0.54,-1.34,46.2,-1.35,46.2,RISK OFF,RISK ON,52,-0.86,48.1,0,KHÔNG ỔN ĐỊNH THEO REGIME,25,1.05,1,MATCH TƯƠNG ĐỒNG NỚI LỎNG,2026-05-28 07:00:00,65.9,30.91,0.92,-1.8,-6.13,"RISK ON: n=52, TB sau phí=-0.86%, Win=48.1% | SIDEWAY: n=12, TB sau phí=-2.09%, Win=58.3% | RISK OFF: n=16, TB sau phí=-2.36%, Win=31.2%"
SBT,BOTTOM,OK,80,0.8,-0.58,-1.38,11.2,-1.22,10.0,RISK OFF,RISK ON,50,-1.24,10.0,0,KHÔNG ỔN ĐỊNH THEO REGIME,25,1.05,1,MATCH TƯƠNG ĐỒNG NỚI LỎNG,2026-05-28 07:00:00,20.75,55.93,-3.94,0.34,-5.25,"RISK ON: n=50, TB sau phí=-1.24%, Win=10.0% | SIDEWAY: n=20, TB sau phí=-1.45%, Win=10.0% | RISK OFF: n=10, TB sau phí=-1.93%, Win=20.0%"
SSB,BOTTOM,OK,80,0.8,-0.59,-1.39,30.0,-1.33,31.2,RISK OFF,RISK ON,60,-1.35,33.3,0,KHÔNG ỔN ĐỊNH THEO REGIME,25,1.05,1,MATCH TƯƠNG ĐỒNG NỚI LỎNG,2026-05-28 07:00:00,14.45,61.54,5.24,3.55,-3.34,"RISK ON: n=60, TB sau phí=-1.35%, Win=33.3% | RISK OFF: n=7, TB sau phí=-1.38%, Win=14.3% | SIDEWAY: n=13, TB sau phí=-1.62%, Win=23.1%"
FPT,BOTTOM,OK,80,0.8,-0.62,-1.42,30.0,-1.32,28.7,RISK OFF,RISK ON,53,-0.87,35.8,0,KHÔNG ỔN ĐỊNH THEO REGIME,25,1.05,1,MATCH TƯƠNG ĐỒNG NỚI LỎNG,2026-05-28 07:00:00,71.2,50.71,-5.65,-1.95,-8.05,"RISK ON: n=53, TB sau phí=-0.87%, Win=35.8% | SIDEWAY: n=15, TB sau phí=-1.61%, Win=26.7% | RISK OFF: n=12, TB sau phí=-3.61%, Win=8.3%"
KDC,BOTTOM,OK,80,0.8,-0.84,-1.64,10.0,-1.63,7.5,RISK OFF,RISK ON,45,-1.17,15.6,0,KHÔNG ỔN ĐỊNH THEO REGIME,25,1.05,1,MATCH TƯƠNG ĐỒNG NỚI LỎNG,2026-05-28 07:00:00,50.4,76.04,3.92,5.41,-1.18,"RISK ON: n=45, TB sau phí=-1.17%, Win=15.6% | SIDEWAY: n=17, TB sau phí=-1.93%, Win=5.9% | RISK OFF: n=18, TB sau phí=-2.56%, Win=0.0%"
PAN,BOTTOM,OK,80,0.8,-0.88,-1.68,42.5,-1.65,35.0,RISK OFF,RISK ON,44,-0.35,54.5,0,KHÔNG ỔN ĐỊNH THEO REGIME,25,1.05,1,MATCH TƯƠNG ĐỒNG NỚI LỎNG,2026-05-28 07:00:00,32.9,51.38,2.17,1.22,-3.09,"RISK ON: n=44, TB sau phí=-0.35%, Win=54.5% | SIDEWAY: n=16, TB sau phí=-0.98%, Win=37.5% | RISK OFF: n=20, TB sau phí=-5.18%, Win=20.0%"
ANV,BOTTOM,OK,80,0.8,-1.32,-2.12,36.2,-2.03,41.2,RISK OFF,RISK ON,34,-0.64,38.2,0,KHÔNG ỔN ĐỊNH THEO REGIME,25,1.05,1,MATCH TƯƠNG ĐỒNG NỚI LỎNG,2026-05-28 07:00:00,22.05,19.51,-2.0,-3.64,-9.63,"RISK ON: n=34, TB sau phí=-0.64%, Win=38.2% | RISK OFF: n=30, TB sau phí=-1.38%, Win=46.7% | SIDEWAY: n=16, TB sau phí=-6.66%, Win=12.5%"
LPB,MOMENTUM,OK,80,0.8,0.65,-0.15,41.2,-0.21,41.2,RISK OFF,SIDEWAY,16,1.19,62.5,2,KHÔNG ỔN ĐỊNH THEO REGIME,25,0.8,0,MATCH TƯƠNG ĐỒNG NỚI LỎNG,2026-05-28 07:00:00,53.0,72.88,-0.38,4.66,-3.79,"SIDEWAY: n=16, TB sau phí=1.19%, Win=62.5% | RISK OFF: n=8, TB sau phí=0.78%, Win=50.0% | RISK ON: n=56, TB sau phí=-0.66%, Win=33.9%"
SHB,MOMENTUM,OK,80,0.8,0.61,-0.19,36.2,-0.32,38.8,RISK OFF,RISK ON,73,0.03,38.4,1,KHÔNG ỔN ĐỊNH THEO REGIME,25,0.8,0,ĐIỀU KIỆN MOMENTUM NỚI LỎNG,2026-05-28 07:00:00,13.8,34.48,1.47,-1.02,-5.8,"RISK ON: n=73, TB sau phí=0.03%, Win=38.4% | SIDEWAY: n=5, TB sau phí=-1.33%, Win=20.0% | RISK OFF: n=2, TB sau phí=-5.31%, Win=0.0%"
PDR,MOMENTUM,OK,80,0.8,0.47,-0.33,46.2,-0.44,43.8,RISK OFF,RISK ON,62,0.4,50.0,1,KHÔNG ỔN ĐỊNH THEO REGIME,25,0.8,0,MATCH TƯƠNG ĐỒNG NỚI LỎNG,2026-05-28 07:00:00,16.5,52.11,2.8,0.27,-4.35,"RISK ON: n=62, TB sau phí=0.40%, Win=50.0% | SIDEWAY: n=17, TB sau phí=-2.74%, Win=35.3% | RISK OFF: n=1, TB sau phí=-4.78%, Win=0.0%"
VGC,MOMENTUM,OK,80,0.8,0.47,-0.33,43.8,-0.61,37.5,RISK OFF,RISK ON,69,0.7,49.3,1,KHÔNG ỔN ĐỊNH THEO REGIME,25,0.8,0,ĐIỀU KIỆN MOMENTUM NỚI LỎNG,2026-05-28 07:00:00,42.75,35.78,-1.95,-1.9,-6.46,"RISK ON: n=69, TB sau phí=0.70%, Win=49.3% | SIDEWAY: n=5, TB sau phí=-4.46%, Win=20.0% | RISK OFF: n=6, TB sau phí=-8.68%, Win=0.0%"
ACB,MOMENTUM,OK,80,0.8,0.46,-0.34,36.2,-0.41,28.7,RISK OFF,RISK ON,73,-0.21,37.0,0,KHÔNG ỔN ĐỊNH THEO REGIME,25,0.8,0,MATCH TƯƠNG ĐỒNG NỚI LỎNG,2026-05-28 07:00:00,24.65,68.37,8.11,6.16,-3.14,"RISK ON: n=73, TB sau phí=-0.21%, Win=37.0% | SIDEWAY: n=5, TB sau phí=-1.36%, Win=40.0% | RISK OFF: n=2, TB sau phí=-2.48%, Win=0.0%"
OCB,MOMENTUM,OK,80,0.8,0.41,-0.39,45.0,-0.5,41.2,RISK OFF,RISK ON,69,-0.29,43.5,0,KHÔNG ỔN ĐỊNH THEO REGIME,25,0.8,0,MATCH TƯƠNG ĐỒNG NỚI LỎNG,2026-05-28 07:00:00,11.75,60.42,6.33,4.03,-2.89,"RISK ON: n=69, TB sau phí=-0.29%, Win=43.5% | SIDEWAY: n=8, TB sau phí=-0.41%, Win=75.0% | RISK OFF: n=3, TB sau phí=-2.74%, Win=0.0%"
VND,MOMENTUM,OK,80,0.8,0.32,-0.48,47.5,-0.45,40.0,RISK OFF,RISK ON,76,-0.17,50.0,0,KHÔNG ỔN ĐỊNH THEO REGIME,25,0.8,0,MATCH TƯƠNG ĐỒNG NỚI LỎNG,2026-05-28 07:00:00,17.8,69.01,8.87,6.22,-3.26,"RISK ON: n=76, TB sau phí=-0.17%, Win=50.0% | SIDEWAY: n=4, TB sau phí=-6.38%, Win=0.0%"
NTP,MOMENTUM,OK,80,0.8,0.24,-0.56,35.0,-0.61,35.0,RISK OFF,RISK OFF,1,7.9,100.0,0,KHÔNG ỔN ĐỊNH THEO REGIME,25,1.0,0,MATCH TƯƠNG ĐỒNG NỚI LỎNG,2026-05-28 07:00:00,60.1,53.66,0.7,1.03,-3.53,"RISK OFF: n=1, TB sau phí=7.90%, Win=100.0% | RISK ON: n=68, TB sau phí=-0.20%, Win=38.2% | SIDEWAY: n=11, TB sau phí=-3.57%, Win=9.1%"
PAN,MOMENTUM,OK,80,0.8,0.19,-0.61,41.2,-0.74,38.8,RISK OFF,RISK ON,49,-0.43,44.9,0,KHÔNG ỔN ĐỊNH THEO REGIME,25,0.8,0,MATCH TƯƠNG ĐỒNG NỚI LỎNG,2026-05-28 07:00:00,32.9,51.38,2.17,1.22,-3.09,"RISK ON: n=49, TB sau phí=-0.43%, Win=44.9% | SIDEWAY: n=17, TB sau phí=-0.64%, Win=35.3% | RISK OFF: n=14, TB sau phí=-1.22%, Win=35.7%"
CTS,MOMENTUM,OK,80,0.8,0.13,-0.67,50.0,-0.57,50.0,RISK OFF,RISK OFF,1,7.36,100.0,1,KHÔNG ỔN ĐỊNH THEO REGIME,25,1.0,0,MATCH TƯƠNG ĐỒNG NỚI LỎNG,2026-05-28 07:00:00,27.6,56.41,1.1,0.39,-4.83,"RISK OFF: n=1, TB sau phí=7.36%, Win=100.0% | SIDEWAY: n=6, TB sau phí=0.19%, Win=66.7% | RISK ON: n=73, TB sau phí=-0.85%, Win=47.9%"
VIB,MOMENTUM,OK,80,0.8,0.09,-0.71,40.0,-0.83,38.8,RISK OFF,RISK OFF,10,0.24,60.0,2,KHÔNG ỔN ĐỊNH THEO REGIME,25,1.0,0,MATCH TƯƠNG ĐỒNG NỚI LỎNG,2026-05-28 07:00:00,16.3,54.9,2.52,1.51,-3.83,"RISK OFF: n=10, TB sau phí=0.24%, Win=60.0% | SIDEWAY: n=11, TB sau phí=0.03%, Win=54.5% | RISK ON: n=59, TB sau phí=-1.01%, Win=33.9%"
HDB,MOMENTUM,OK,80,0.8,0.04,-0.76,46.2,-0.66,45.0,RISK OFF,RISK ON,73,-0.56,46.6,0,KHÔNG ỔN ĐỊNH THEO REGIME,25,0.8,0,ĐIỀU KIỆN MOMENTUM NỚI LỎNG,2026-05-28 07:00:00,25.85,35.29,0.0,-3.43,-8.01,"RISK ON: n=73, TB sau phí=-0.56%, Win=46.6% | SIDEWAY: n=7, TB sau phí=-2.84%, Win=42.9%"
CRE,MOMENTUM,OK,80,0.8,0.02,-0.78,40.0,-1.07,33.8,RISK OFF,RISK OFF,10,0.4,40.0,1,KHÔNG ỔN ĐỊNH THEO REGIME,25,1.0,0,MATCH TƯƠNG ĐỒNG NỚI LỎNG,2026-05-28 07:00:00,7.93,62.29,7.16,3.9,-0.88,"RISK OFF: n=10, TB sau phí=0.40%, Win=40.0% | RISK ON: n=62, TB sau phí=-0.66%, Win=43.5% | SIDEWAY: n=8, TB sau phí=-3.12%, Win=12.5%"
STB,MOMENTUM,OK,80,0.8,-0.13,-0.93,40.0,-1.14,40.0,RISK OFF,SIDEWAY,9,0.59,77.8,1,KHÔNG ỔN ĐỊNH THEO REGIME,25,0.8,0,ĐIỀU KIỆN MOMENTUM NỚI LỎNG,2026-05-28 07:00:00,68.0,32.92,-3.95,-4.18,-11.46,"SIDEWAY: n=9, TB sau phí=0.59%, Win=77.8% | RISK ON: n=64, TB sau phí=-0.68%, Win=37.5% | RISK OFF: n=7, TB sau phí=-5.22%, Win=14.3%"
NLG,MOMENTUM,OK,80,0.8,-0.18,-0.98,36.2,-0.84,37.5,RISK OFF,RISK ON,56,-0.42,39.3,0,KHÔNG ỔN ĐỊNH THEO REGIME,25,0.8,0,MATCH TƯƠNG ĐỒNG NỚI LỎNG,2026-05-28 07:00:00,26.55,50.5,5.15,0.06,-6.51,"RISK ON: n=56, TB sau phí=-0.42%, Win=39.3% | RISK OFF: n=9, TB sau phí=-0.95%, Win=55.6% | SIDEWAY: n=15, TB sau phí=-3.08%, Win=13.3%"
HSG,MOMENTUM,OK,80,0.8,-0.3,-1.1,36.2,-1.26,35.0,RISK OFF,SIDEWAY,11,-1.02,45.5,0,KHÔNG ỔN ĐỊNH THEO REGIME,25,0.8,0,MATCH TƯƠNG ĐỒNG NỚI LỎNG,2026-05-28 07:00:00,12.55,52.27,2.87,1.56,-3.46,"SIDEWAY: n=11, TB sau phí=-1.02%, Win=45.5% | RISK ON: n=66, TB sau phí=-1.06%, Win=36.4% | RISK OFF: n=3, TB sau phí=-2.03%, Win=0.0%"
MBS,MOMENTUM,OK,80,0.8,-0.38,-1.18,38.8,-1.29,36.2,RISK OFF,SIDEWAY,9,0.34,55.6,1,KHÔNG ỔN ĐỊNH THEO REGIME,25,0.8,0,MATCH TƯƠNG ĐỒNG NỚI LỎNG,2026-05-28 07:00:00,19.9,55.88,3.11,1.4,-3.4,"SIDEWAY: n=9, TB sau phí=0.34%, Win=55.6% | RISK ON: n=70, TB sau phí=-1.34%, Win=37.1% | RISK OFF: n=1, TB sau phí=-3.78%, Win=0.0%"
FTS,MOMENTUM,OK,80,0.8,-0.43,-1.23,35.0,-1.29,36.2,RISK OFF,RISK OFF,5,1.77,60.0,1,KHÔNG ỔN ĐỊNH THEO REGIME,25,1.0,0,MATCH TƯƠNG ĐỒNG NỚI LỎNG,2026-05-28 07:00:00,23.8,52.22,1.06,0.2,-3.64,"RISK OFF: n=5, TB sau phí=1.77%, Win=60.0% | RISK ON: n=64, TB sau phí=-1.39%, Win=29.7% | SIDEWAY: n=11, TB sau phí=-1.67%, Win=54.5%"
PNJ,MOMENTUM,OK,80,0.8,-0.49,-1.29,38.8,-1.23,42.5,RISK OFF,SIDEWAY,24,-1.06,50.0,0,KHÔNG ỔN ĐỊNH THEO REGIME,25,0.8,0,ĐIỀU KIỆN MOMENTUM NỚI LỎNG,2026-05-28 07:00:00,65.9,30.91,0.92,-1.8,-6.13,"SIDEWAY: n=24, TB sau phí=-1.06%, Win=50.0% | RISK ON: n=53, TB sau phí=-1.17%, Win=35.8% | RISK OFF: n=3, TB sau phí=-5.32%, Win=0.0%"
DBC,MOMENTUM,OK,80,0.8,-0.5,-1.3,36.2,-1.25,32.5,RISK OFF,RISK ON,59,-1.05,37.3,0,KHÔNG ỔN ĐỊNH THEO REGIME,25,0.8,0,ĐIỀU KIỆN MOMENTUM NỚI LỎNG,2026-05-28 07:00:00,21.65,27.03,-0.46,-2.93,-6.07,"RISK ON: n=59, TB sau phí=-1.05%, Win=37.3% | SIDEWAY: n=18, TB sau phí=-1.22%, Win=38.9% | RISK OFF: n=3, TB sau phí=-6.75%, Win=0.0%"
APH,MOMENTUM,OK,80,0.8,-0.61,-1.41,33.8,-1.32,28.7,RISK OFF,RISK ON,61,-0.88,42.6,0,KHÔNG ỔN ĐỊNH THEO REGIME,25,0.8,0,ĐIỀU KIỆN MOMENTUM NỚI LỎNG,2026-05-28 07:00:00,5.55,28.3,-0.18,-2.47,-8.72,"RISK ON: n=61, TB sau phí=-0.88%, Win=42.6% | SIDEWAY: n=12, TB sau phí=-3.07%, Win=8.3% | RISK OFF: n=7, TB sau phí=-3.21%, Win=0.0%"
STK,MOMENTUM,OK,80,0.8,-0.69,-1.49,25.0,-1.3,23.8,RISK OFF,RISK ON,61,-0.6,31.1,0,KHÔNG ỔN ĐỊNH THEO REGIME,25,0.8,0,ĐIỀU KIỆN MOMENTUM NỚI LỎNG,2026-05-28 07:00:00,12.1,26.32,-6.2,-6.2,-12.32,"RISK ON: n=61, TB sau phí=-0.60%, Win=31.1% | RISK OFF: n=5, TB sau phí=-3.92%, Win=0.0% | SIDEWAY: n=14, TB sau phí=-4.47%, Win=7.1%"
IJC,MOMENTUM,OK,80,0.8,-0.71,-1.51,31.2,-1.55,30.0,RISK OFF,RISK ON,66,-1.34,33.3,0,KHÔNG ỔN ĐỊNH THEO REGIME,25,0.8,0,ĐIỀU KIỆN MOMENTUM NỚI LỎNG,2026-05-28 07:00:00,9.68,29.21,0.73,-2.78,-6.47,"RISK ON: n=66, TB sau phí=-1.34%, Win=33.3% | SIDEWAY: n=10, TB sau phí=-2.07%, Win=30.0% | RISK OFF: n=4, TB sau phí=-2.94%, Win=0.0%"
KSB,MOMENTUM,OK,80,0.8,-0.75,-1.55,38.8,-1.29,36.2,RISK OFF,RISK ON,62,-1.11,45.2,0,KHÔNG ỔN ĐỊNH THEO REGIME,25,0.8,0,ĐIỀU KIỆN MOMENTUM NỚI LỎNG,2026-05-28 07:00:00,15.15,32.43,-0.98,-3.61,-7.06,"RISK ON: n=62, TB sau phí=-1.11%, Win=45.2% | RISK OFF: n=6, TB sau phí=-2.81%, Win=0.0% | SIDEWAY: n=12, TB sau phí=-3.17%, Win=25.0%"
VIX,MOMENTUM,OK,80,0.8,-0.87,-1.67,43.8,-1.43,45.0,RISK OFF,RISK ON,71,-1.31,46.5,0,KHÔNG ỔN ĐỊNH THEO REGIME,25,0.8,0,ĐIỀU KIỆN MOMENTUM NỚI LỎNG,2026-05-28 07:00:00,17.6,38.64,-7.85,-3.97,-11.34,"RISK ON: n=71, TB sau phí=-1.31%, Win=46.5% | SIDEWAY: n=7, TB sau phí=-4.28%, Win=28.6% | RISK OFF: n=2, TB sau phí=-5.34%, Win=0.0%"
MWG,MOMENTUM,OK,80,0.8,-0.88,-1.68,31.2,-1.57,31.2,RISK OFF,RISK OFF,5,-1.36,40.0,0,KHÔNG ỔN ĐỊNH THEO REGIME,25,1.0,0,ĐIỀU KIỆN MOMENTUM NỚI LỎNG,2026-05-28 07:00:00,77.7,28.57,-2.26,-4.99,-11.1,"RISK OFF: n=5, TB sau phí=-1.36%, Win=40.0% | RISK ON: n=61, TB sau phí=-1.56%, Win=36.1% | SIDEWAY: n=14, TB sau phí=-2.33%, Win=7.1%"
SHS,MOMENTUM,OK,80,0.8,-0.93,-1.73,38.8,-1.51,37.5,RISK OFF,RISK OFF,3,-0.82,33.3,0,KHÔNG ỔN ĐỊNH THEO REGIME,25,1.0,0,MATCH TƯƠNG ĐỒNG NỚI LỎNG,2026-05-28 07:00:00,18.0,58.82,5.26,2.45,-3.74,"RISK OFF: n=3, TB sau phí=-0.82%, Win=33.3% | RISK ON: n=70, TB sau phí=-1.67%, Win=38.6% | SIDEWAY: n=7, TB sau phí=-2.69%, Win=42.9%"
ELC,MOMENTUM,OK,80,0.8,-1.2,-2.0,26.2,-1.85,22.5,RISK OFF,RISK ON,66,-1.8,30.3,0,KHÔNG ỔN ĐỊNH THEO REGIME,25,0.8,0,ĐIỀU KIỆN MOMENTUM NỚI LỎNG,2026-05-28 07:00:00,15.95,34.33,-3.92,-4.43,-9.89,"RISK ON: n=66, TB sau phí=-1.80%, Win=30.3% | SIDEWAY: n=12, TB sau phí=-2.69%, Win=8.3% | RISK OFF: n=2, TB sau phí=-4.10%, Win=0.0%"
GIL,MOMENTUM,OK,80,0.8,-2.46,-3.26,25.0,-2.57,26.2,RISK OFF,RISK ON,67,-1.94,29.9,0,KHÔNG ỔN ĐỊNH THEO REGIME,25,0.8,0,ĐIỀU KIỆN MOMENTUM NỚI LỎNG,2026-05-28 07:00:00,12.6,31.25,1.2,-1.98,-6.67,"RISK ON: n=67, TB sau phí=-1.94%, Win=29.9% | RISK OFF: n=5, TB sau phí=-9.03%, Win=0.0% | SIDEWAY: n=8, TB sau phí=-10.73%, Win=0.0%"
SSB,MOMENTUM,OK,77,0.8,-0.34,-1.14,28.6,-0.97,29.9,RISK OFF,SIDEWAY,9,-0.5,33.3,0,KHÔNG ỔN ĐỊNH THEO REGIME,25,0.8,0,MATCH TƯƠNG ĐỒNG NỚI LỎNG,2026-05-28 07:00:00,14.45,61.54,5.24,3.55,-3.34,"SIDEWAY: n=9, TB sau phí=-0.50%, Win=33.3% | RISK OFF: n=16, TB sau phí=-0.62%, Win=31.2% | RISK ON: n=52, TB sau phí=-1.41%, Win=26.9%"
NT2,MOMENTUM,OK,71,0.8,-0.33,-1.13,31.0,-1.53,26.8,RISK OFF,SIDEWAY,12,0.08,50.0,1,KHÔNG ỔN ĐỊNH THEO REGIME,25,0.8,0,MATCH TƯƠNG ĐỒNG NỚI LỎNG,2026-05-28 07:00:00,23.0,50.0,0.0,-1.61,-7.63,"SIDEWAY: n=12, TB sau phí=0.08%, Win=50.0% | RISK ON: n=53, TB sau phí=-1.27%, Win=26.4% | RISK OFF: n=6, TB sau phí=-2.31%, Win=33.3%"
BVS,MOMENTUM,OK,70,0.8,0.75,-0.05,47.1,-0.44,41.4,RISK OFF,RISK OFF,2,0.88,50.0,1,KHÔNG ỔN ĐỊNH THEO REGIME,25,1.0,0,MATCH TƯƠNG ĐỒNG NỚI LỎNG,2026-05-28 07:00:00,26.4,50.0,2.33,1.07,-2.22,"RISK OFF: n=2, TB sau phí=0.88%, Win=50.0% | RISK ON: n=61, TB sau phí=0.49%, Win=49.2% | SIDEWAY: n=7, TB sau phí=-5.02%, Win=28.6%"
VPB,MOMENTUM,OK,69,0.8,-0.44,-1.24,27.5,-1.23,29.0,RISK OFF,SIDEWAY,7,0.94,42.9,1,KHÔNG ỔN ĐỊNH THEO REGIME,25,0.8,0,MATCH TƯƠNG ĐỒNG NỚI LỎNG,2026-05-28 07:00:00,27.3,48.43,1.11,0.19,-3.36,"SIDEWAY: n=7, TB sau phí=0.94%, Win=42.9% | RISK ON: n=60, TB sau phí=-1.48%, Win=25.0% | RISK OFF: n=2, TB sau phí=-1.58%, Win=50.0%"
NBB,MOMENTUM,OK,68,0.8,0.73,-0.07,41.2,-0.02,36.8,RISK OFF,RISK OFF,13,0.32,61.5,2,KHÔNG ỔN ĐỊNH THEO REGIME,25,1.0,0,MATCH TƯƠNG ĐỒNG NỚI LỎNG,2026-05-28 07:00:00,17.6,52.38,-0.56,-0.58,-1.95,"RISK OFF: n=13, TB sau phí=0.32%, Win=61.5% | RISK ON: n=44, TB sau phí=0.07%, Win=38.6% | SIDEWAY: n=11, TB sau phí=-1.10%, Win=27.3%"
TPB,MOMENTUM,OK,61,0.8,-0.57,-1.37,27.9,-1.16,24.6,RISK OFF,SIDEWAY,9,-0.89,44.4,0,KHÔNG ỔN ĐỊNH THEO REGIME,25,0.8,0,MATCH TƯƠNG ĐỒNG NỚI LỎNG,2026-05-28 07:00:00,15.9,48.08,1.92,0.36,-3.34,"SIDEWAY: n=9, TB sau phí=-0.89%, Win=44.4% | RISK OFF: n=8, TB sau phí=-1.22%, Win=37.5% | RISK ON: n=44, TB sau phí=-1.49%, Win=22.7%"
KDC,MOMENTUM,OK,61,0.8,-0.6,-1.4,9.8,-1.43,6.6,RISK OFF,RISK ON,39,-0.67,15.4,0,KHÔNG ỔN ĐỊNH THEO REGIME,25,0.8,0,MATCH TƯƠNG ĐỒNG NỚI LỎNG,2026-05-28 07:00:00,50.4,76.04,3.92,5.41,-1.18,"RISK ON: n=39, TB sau phí=-0.67%, Win=15.4% | SIDEWAY: n=9, TB sau phí=-2.19%, Win=0.0% | RISK OFF: n=13, TB sau phí=-3.03%, Win=0.0%"
AGR,MOMENTUM,OK,55,0.8,0.65,-0.15,50.9,-0.41,45.5,RISK OFF,RISK ON,45,0.39,53.3,1,KHÔNG ỔN ĐỊNH THEO REGIME,25,0.8,0,MATCH TƯƠNG ĐỒNG NỚI LỎNG,2026-05-28 07:00:00,14.65,50.0,2.09,0.36,-2.01,"RISK ON: n=45, TB sau phí=0.39%, Win=53.3% | SIDEWAY: n=10, TB sau phí=-2.56%, Win=40.0%"
SBT,MOMENTUM,OK,44,0.8,-0.4,-1.2,27.3,-1.24,27.3,RISK OFF,SIDEWAY,12,0.14,41.7,2,KHÔNG ỔN ĐỊNH THEO REGIME,25,0.8,0,MATCH TƯƠNG ĐỒNG NỚI LỎNG,2026-05-28 07:00:00,20.75,55.93,-3.94,0.34,-5.25,"SIDEWAY: n=12, TB sau phí=0.14%, Win=41.7% | RISK OFF: n=5, TB sau phí=0.12%, Win=40.0% | RISK ON: n=27, TB sau phí=-2.03%, Win=18.5%"
TCB,MOMENTUM,OK,35,0.8,0.56,-0.24,54.3,-0.19,54.3,RISK OFF,RISK ON,21,0.64,52.4,2,KHÔNG ỔN ĐỊNH THEO REGIME,25,0.8,0,MATCH TƯƠNG ĐỒNG NỚI LỎNG,2026-05-28 07:00:00,32.6,43.65,1.09,-0.95,-4.34,"RISK ON: n=21, TB sau phí=0.64%, Win=52.4% | RISK OFF: n=5, TB sau phí=0.20%, Win=80.0% | SIDEWAY: n=9, TB sau phí=-2.53%, Win=44.4%"
VIP,MOMENTUM,OK,30,0.8,-0.81,-1.61,33.3,-1.19,26.7,RISK OFF,RISK ON,26,-1.58,34.6,0,KHÔNG ỔN ĐỊNH THEO REGIME,25,0.8,0,MATCH TƯƠNG ĐỒNG NỚI LỎNG,2026-05-28 07:00:00,11.35,44.44,0.44,-0.39,-1.73,"RISK ON: n=26, TB sau phí=-1.58%, Win=34.6% | SIDEWAY: n=4, TB sau phí=-1.80%, Win=25.0%"
FPT,MOMENTUM,OK,25,0.8,-0.08,-0.88,36.0,-0.76,32.0,RISK OFF,SIDEWAY,2,-0.23,50.0,0,KHÔNG ỔN ĐỊNH THEO REGIME,20,0.8,0,MATCH TƯƠNG ĐỒNG NỚI LỎNG,2026-05-28 07:00:00,71.2,50.71,-5.65,-1.95,-8.05,"SIDEWAY: n=2, TB sau phí=-0.23%, Win=50.0% | RISK ON: n=22, TB sau phí=-0.85%, Win=36.4% | RISK OFF: n=1, TB sau phí=-3.01%, Win=0.0%"
VHM,MOMENTUM,OK,22,0.8,-0.67,-1.47,27.3,-1.46,36.4,RISK OFF,RISK OFF,2,3.28,100.0,0,KHÔNG ỔN ĐỊNH THEO REGIME,20,1.0,0,MATCH TƯƠNG ĐỒNG NỚI LỎNG,2026-05-28 07:00:00,157.7,44.71,-1.31,1.53,-9.0,"RISK OFF: n=2, TB sau phí=3.28%, Win=100.0% | RISK ON: n=16, TB sau phí=-1.81%, Win=25.0% | SIDEWAY: n=4, TB sau phí=-2.48%, Win=0.0%"
GAS,MOMENTUM,OK,14,0.8,-0.15,-0.95,14.3,-1.02,21.4,RISK OFF,RISK ON,14,-0.95,14.3,0,KHÔNG ỔN ĐỊNH THEO REGIME,20,0.8,0,MATCH TƯƠNG ĐỒNG NỚI LỎNG,2026-05-28 07:00:00,81.7,58.84,-6.41,0.04,-14.45,"RISK ON: n=14, TB sau phí=-0.95%, Win=14.3%"
FCN,MOMENTUM,OK,11,0.8,0.4,-0.4,36.4,-1.03,27.3,RISK OFF,RISK OFF,1,2.43,100.0,0,KHÔNG ỔN ĐỊNH THEO REGIME,20,1.0,0,MATCH TƯƠNG ĐỒNG NỚI LỎNG,2026-05-28 07:00:00,12.9,40.0,1.98,-0.73,-4.44,"RISK OFF: n=1, TB sau phí=2.43%, Win=100.0% | SIDEWAY: n=2, TB sau phí=-0.64%, Win=50.0% | RISK ON: n=8, TB sau phí=-0.70%, Win=25.0%"
IDC,MOMENTUM,OK,9,0.8,-4.35,-5.15,33.3,-4.83,22.2,RISK OFF,RISK OFF,2,2.63,100.0,0,KHÔNG ỔN ĐỊNH THEO REGIME,20,1.0,0,MATCH TƯƠNG ĐỒNG NỚI LỎNG,2026-05-28 07:00:00,43.4,36.84,-1.81,-1.74,-6.26,"RISK OFF: n=2, TB sau phí=2.63%, Win=100.0% | RISK ON: n=6, TB sau phí=-6.10%, Win=16.7% | SIDEWAY: n=1, TB sau phí=-15.06%, Win=0.0%"
VNM,MOMENTUM,OK,8,0.8,0.63,-0.17,50.0,-0.41,50.0,RISK OFF,RISK ON,4,2.81,100.0,1,KHÔNG ỔN ĐỊNH THEO REGIME,20,0.8,0,MATCH TƯƠNG ĐỒNG NỚI LỎNG,2026-05-28 07:00:00,59.0,34.92,0.0,-1.72,-4.53,"RISK ON: n=4, TB sau phí=2.81%, Win=100.0% | SIDEWAY: n=4, TB sau phí=-3.15%, Win=0.0%"
VRE,MOMENTUM,OK,8,0.8,-1.71,-2.51,25.0,-2.09,25.0,RISK OFF,RISK OFF,1,0.03,100.0,0,KHÔNG ỔN ĐỊNH THEO REGIME,20,1.0,0,MATCH TƯƠNG ĐỒNG NỚI LỎNG,2026-05-28 07:00:00,32.25,37.54,-1.68,-4.3,-14.0,"RISK OFF: n=1, TB sau phí=0.03%, Win=100.0% | RISK ON: n=6, TB sau phí=-2.78%, Win=16.7% | SIDEWAY: n=1, TB sau phí=-3.39%, Win=0.0%"
