Ngày tín hiệu,Exposure,Lợi nhuận danh mục exit sau phí %,Win danh mục,Danh mục,Equity giả lập,Drawdown giả lập %
2024-01-08 07:00:00,0.2,-0.828,0,CTR-MOMENTUM,99.172,-0.828
2024-01-09 07:00:00,0.2,-0.334,0,CTR-MOMENTUM,98.8408,-1.159
2024-01-11 07:00:00,0.2,-0.194,0,CTR-MOMENTUM,98.649,-1.351
2024-01-25 07:00:00,0.2,0.472,1,CTR-MOMENTUM,99.1146,-0.885
2024-01-26 07:00:00,0.2,0.432,1,VCI-MOMENTUM,99.5428,-0.457
2024-01-30 07:00:00,0.2,0.638,1,CTR-MOMENTUM,100.1779,0.0
2024-02-05 07:00:00,0.2,0.488,1,DGW-MOMENTUM,100.6668,0.0
2024-02-06 07:00:00,0.2,-0.092,0,DGW-MOMENTUM,100.5742,-0.092
2024-02-07 07:00:00,0.2,0.202,1,DGW-MOMENTUM,100.7773,0.0
2024-02-15 07:00:00,0.2,0.594,1,CTR-MOMENTUM,101.3759,0.0
2024-02-19 07:00:00,0.2,0.784,1,CTR-MOMENTUM,102.1707,0.0
2024-02-20 07:00:00,0.2,0.912,1,CTR-MOMENTUM,103.1025,0.0
2024-02-23 07:00:00,0.2,1.226,1,CTR-MOMENTUM,104.3665,0.0
2024-03-05 07:00:00,0.2,2.514,1,CTR-MOMENTUM,106.9903,0.0
2024-03-06 07:00:00,0.2,2.76,1,"CTR-MOMENTUM, DGW-MOMENTUM",109.9433,0.0
2024-03-07 07:00:00,0.2,2.63,1,DGW-MOMENTUM,112.8348,0.0
2024-03-08 07:00:00,0.2,2.368,1,CTR-MOMENTUM,115.5067,0.0
2024-04-01 07:00:00,0.2,-1.528,0,DGW-MOMENTUM,113.7417,-1.528
2024-04-02 07:00:00,0.2,-1.612,0,DGW-MOMENTUM,111.9082,-3.115
2024-05-07 07:00:00,0.2,-0.226,0,DGW-MOMENTUM,111.6553,-3.334
2024-05-08 07:00:00,0.2,-0.062,0,DGW-MOMENTUM,111.5861,-3.394
2024-05-09 07:00:00,0.2,0.004,1,DGW-MOMENTUM,111.5906,-3.39
2024-05-10 07:00:00,0.2,1.032,1,DGW-MOMENTUM,112.7422,-2.393
2024-06-07 07:00:00,0.2,2.622,1,CTR-MOMENTUM,115.6983,0.0
2024-07-10 07:00:00,0.2,-0.16,0,DGW-MOMENTUM,115.5132,-0.16
2024-07-11 07:00:00,0.2,-0.078,0,"DGW-MOMENTUM, VCI-MOMENTUM",115.4231,-0.238
2024-08-07 07:00:00,0.2,0.284,1,KBC-BOTTOM,115.7509,0.0
2024-08-08 07:00:00,0.2,0.292,1,KBC-BOTTOM,116.0888,0.0
2024-08-13 07:00:00,0.2,1.388,1,KBC-BOTTOM,117.7002,0.0
2024-08-14 07:00:00,0.2,1.422,1,KBC-BOTTOM,119.3739,0.0
2024-08-15 07:00:00,0.2,1.424,1,"KBC-BOTTOM, VCI-MOMENTUM",121.0737,0.0
2024-08-16 07:00:00,0.2,0.304,1,DGW-MOMENTUM,121.4418,0.0
2024-08-19 07:00:00,0.2,-0.128,0,DGW-MOMENTUM,121.2864,-0.128
2024-08-20 07:00:00,0.2,-0.228,0,DGW-MOMENTUM,121.0098,-0.356
2024-08-23 07:00:00,0.2,-0.238,0,CTR-MOMENTUM,120.7218,-0.593
2024-09-04 07:00:00,0.2,-0.82,0,CTR-MOMENTUM,119.7319,-1.408
2024-09-11 07:00:00,0.2,-0.148,0,"KBC-BOTTOM, DGW-MOMENTUM",119.5547,-1.554
2024-09-12 07:00:00,0.2,0.902,1,KBC-BOTTOM,120.6331,-0.666
2024-09-13 07:00:00,0.2,1.076,1,KBC-BOTTOM,121.9311,0.0
2024-09-16 07:00:00,0.2,1.216,1,KBC-BOTTOM,123.4138,0.0
2024-09-17 07:00:00,0.2,2.176,1,KBC-BOTTOM,126.0993,0.0
2024-09-18 07:00:00,0.2,2.058,1,KBC-BOTTOM,128.6944,0.0
2024-09-23 07:00:00,0.2,-0.556,0,DGW-MOMENTUM,127.9788,-0.556
2024-09-26 07:00:00,0.2,-0.788,0,DGW-MOMENTUM,126.9704,-1.34
2024-10-04 07:00:00,0.2,1.028,1,CTR-MOMENTUM,128.2756,-0.325
2024-10-07 07:00:00,0.2,0.716,1,CTR-MOMENTUM,129.1941,0.0
2024-10-15 07:00:00,0.2,-0.858,0,KBC-BOTTOM,128.0856,-0.858
2024-10-16 07:00:00,0.2,-1.226,0,CTR-MOMENTUM,126.5153,-2.073
2024-10-22 07:00:00,0.2,-0.122,0,KBC-BOTTOM,126.3609,-2.193
2024-10-24 07:00:00,0.2,0.228,1,KBC-BOTTOM,126.649,-1.97
2024-10-25 07:00:00,0.2,0.188,1,KBC-BOTTOM,126.8871,-1.786
2024-10-28 07:00:00,0.2,0.568,1,KBC-BOTTOM,127.6078,-1.228
2024-10-29 07:00:00,0.2,0.372,1,KBC-BOTTOM,128.0825,-0.86
2024-10-30 07:00:00,0.2,1.82,1,KBC-BOTTOM,130.4136,0.0
2024-10-31 07:00:00,0.2,1.742,1,KBC-BOTTOM,132.6854,0.0
2024-11-01 07:00:00,0.2,1.7,1,KBC-BOTTOM,134.9411,0.0
2024-12-03 07:00:00,0.2,0.198,1,"KBC-BOTTOM, DGW-MOMENTUM",135.2083,0.0
2024-12-04 07:00:00,0.2,-0.276,0,DGW-MOMENTUM,134.8351,-0.276
2024-12-20 07:00:00,0.2,-0.094,0,CTR-MOMENTUM,134.7084,-0.37
2024-12-26 07:00:00,0.2,-0.45,0,KBC-BOTTOM,134.1022,-0.818
2024-12-27 07:00:00,0.2,-0.522,0,KBC-BOTTOM,133.4022,-1.336
2024-12-30 07:00:00,0.2,0.428,1,KBC-BOTTOM,133.9731,-0.914
2024-12-31 07:00:00,0.2,0.538,1,KBC-BOTTOM,134.6939,-0.38
2025-01-06 07:00:00,0.2,0.65,1,KBC-BOTTOM,135.5694,0.0
2025-01-09 07:00:00,0.2,0.108,1,CTR-MOMENTUM,135.7158,0.0
2025-01-16 07:00:00,0.2,0.634,1,"STB-BOTTOM, CTR-MOMENTUM",136.5763,0.0
2025-01-17 07:00:00,0.2,0.54,1,STB-BOTTOM,137.3138,0.0
2025-01-20 07:00:00,0.2,0.174,1,STB-BOTTOM,137.5527,0.0
2025-01-21 07:00:00,0.2,0.534,1,STB-BOTTOM,138.2872,0.0
2025-01-22 07:00:00,0.2,0.336,1,STB-BOTTOM,138.7519,0.0
2025-02-03 07:00:00,0.2,0.88,1,STB-BOTTOM,139.9729,0.0
2025-02-11 07:00:00,0.2,0.048,1,KBC-BOTTOM,140.0401,0.0
2025-02-21 07:00:00,0.2,0.382,1,DGW-MOMENTUM,140.575,0.0
2025-02-24 07:00:00,0.2,0.196,1,DGW-MOMENTUM,140.8506,0.0
2025-02-25 07:00:00,0.2,0.274,1,DGW-MOMENTUM,141.2365,0.0
2025-02-26 07:00:00,0.2,-0.24,0,DGW-MOMENTUM,140.8975,-0.24
2025-02-27 07:00:00,0.2,0.708,1,DGW-MOMENTUM,141.8951,0.0
2025-02-28 07:00:00,0.2,0.624,1,STB-BOTTOM,142.7805,0.0
2025-03-14 07:00:00,0.2,-0.262,0,STB-BOTTOM,142.4064,-0.262
2025-03-17 07:00:00,0.2,-0.288,0,STB-BOTTOM,141.9963,-0.549
2025-03-24 07:00:00,0.2,0.258,1,"KBC-BOTTOM, STB-BOTTOM",142.3626,-0.293
2025-03-26 07:00:00,0.2,0.026,1,"STB-BOTTOM, KBC-BOTTOM",142.3997,-0.267
2025-03-27 07:00:00,0.2,-1.048,0,STB-BOTTOM,140.9073,-1.312
2025-03-28 07:00:00,0.2,-0.604,0,STB-BOTTOM,140.0562,-1.908
2025-03-31 07:00:00,0.2,-1.988,0,STB-BOTTOM,137.2719,-3.858
2025-04-03 07:00:00,0.2,-1.17,0,"STB-BOTTOM, KBC-BOTTOM",135.6658,-4.983
2025-04-04 07:00:00,0.2,-0.758,0,"STB-BOTTOM, KBC-BOTTOM",134.6375,-5.703
2025-04-08 07:00:00,0.2,1.938,1,STB-BOTTOM,137.2468,-3.876
2025-04-10 07:00:00,0.2,1.478,1,STB-BOTTOM,139.2753,-2.455
2025-05-06 07:00:00,0.2,0.204,1,DGW-MOMENTUM,139.5594,-2.256
2025-05-07 07:00:00,0.2,0.702,1,"DGW-MOMENTUM, VCI-MOMENTUM",140.5391,-1.57
2025-05-08 07:00:00,0.2,0.166,1,DGW-MOMENTUM,140.7724,-1.406
2025-05-14 07:00:00,0.2,0.74,1,STB-BOTTOM,141.8141,-0.677
2025-05-16 07:00:00,0.2,0.846,1,STB-BOTTOM,143.0138,0.0
2025-05-19 07:00:00,0.2,1.148,1,STB-BOTTOM,144.6556,0.0
2025-05-20 07:00:00,0.2,-0.098,0,CTR-MOMENTUM,144.5139,-0.098
2025-05-26 07:00:00,0.2,-0.466,0,LPB-BOTTOM,143.8404,-0.564
2025-05-27 07:00:00,0.2,-0.486,0,"LPB-BOTTOM, CTR-MOMENTUM",143.1414,-1.047
2025-05-29 07:00:00,0.2,0.03,1,"KBC-MOMENTUM, DGW-MOMENTUM",143.1843,-1.017
2025-06-02 07:00:00,0.2,0.714,1,DGW-MOMENTUM,144.2067,-0.31
2025-06-03 07:00:00,0.2,1.568,1,DGW-MOMENTUM,146.4678,0.0
2025-06-04 07:00:00,0.2,-0.224,0,ANV-MOMENTUM,146.1397,-0.224
2025-06-05 07:00:00,0.2,-0.286,0,ANV-MOMENTUM,145.7218,-0.509
2025-06-06 07:00:00,0.2,0.86,1,"KBC-BOTTOM, ANV-MOMENTUM, DGW-MOMENTUM",146.975,0.0
2025-06-09 07:00:00,0.2,0.08,1,KBC-BOTTOM,147.0926,0.0
2025-06-10 07:00:00,0.2,0.0,1,KBC-BOTTOM,147.0926,0.0
2025-06-11 07:00:00,0.2,0.002,1,KBC-BOTTOM,147.0955,0.0
2025-06-12 07:00:00,0.2,0.116,1,KBC-BOTTOM,147.2661,0.0
2025-06-13 07:00:00,0.2,0.946,1,KBC-BOTTOM,148.6593,0.0
2025-06-16 07:00:00,0.2,0.792,1,"KBC-BOTTOM, ANV-MOMENTUM",149.8367,0.0
2025-06-17 07:00:00,0.2,0.984,1,"KBC-BOTTOM, ANV-MOMENTUM",151.311,0.0
2025-06-18 07:00:00,0.2,1.178,1,"KBC-BOTTOM, ANV-MOMENTUM",153.0935,0.0
2025-06-19 07:00:00,0.2,0.628,1,"LPB-BOTTOM, ANV-MOMENTUM, CTR-BOTTOM",154.0549,0.0
2025-06-20 07:00:00,0.2,1.576,1,"ANV-MOMENTUM, CTR-BOTTOM",156.4828,0.0
2025-06-23 07:00:00,0.2,1.658,1,"VHM-BOTTOM, ANV-MOMENTUM, CTR-BOTTOM",159.0773,0.0
2025-06-24 07:00:00,0.2,1.638,1,"VHM-BOTTOM, ANV-MOMENTUM, CTR-BOTTOM",161.683,0.0
2025-06-25 07:00:00,0.2,1.556,1,"VHM-BOTTOM, ANV-MOMENTUM, KBC-MOMENTUM, CTR-BOTTOM",164.1988,0.0
2025-06-26 07:00:00,0.2,0.868,1,"LPB-BOTTOM, VHM-BOTTOM, ANV-MOMENTUM, KBC-MOMENTUM, CTR-BOTTOM",165.624,0.0
2025-06-27 07:00:00,0.2,0.224,1,"LPB-BOTTOM, KBC-MOMENTUM",165.995,0.0
2025-06-30 07:00:00,0.2,0.082,1,"LPB-BOTTOM, KBC-MOMENTUM, CTR-BOTTOM",166.1311,0.0
2025-07-01 07:00:00,0.2,0.568,1,"LPB-BOTTOM, KBC-MOMENTUM, CTR-BOTTOM",167.0748,0.0
2025-07-02 07:00:00,0.2,0.31,1,"LPB-BOTTOM, KBC-MOMENTUM, CTR-BOTTOM",167.5927,0.0
2025-07-03 07:00:00,0.2,0.332,1,"LPB-BOTTOM, KBC-MOMENTUM, CTR-BOTTOM",168.1491,0.0
2025-07-04 07:00:00,0.2,0.058,1,"LPB-BOTTOM, KBC-MOMENTUM, CTR-BOTTOM",168.2466,0.0
2025-07-07 07:00:00,0.2,0.062,1,"LPB-BOTTOM, KBC-MOMENTUM, CTR-BOTTOM",168.3509,0.0
2025-07-08 07:00:00,0.2,-0.262,0,"LPB-BOTTOM, CTR-MOMENTUM, KBC-MOMENTUM, CTR-BOTTOM",167.9099,-0.262
2025-07-09 07:00:00,0.2,0.028,1,"LPB-BOTTOM, KBC-MOMENTUM, CTR-BOTTOM",167.9569,-0.234
2025-07-10 07:00:00,0.2,0.024,1,"LPB-BOTTOM, KBC-MOMENTUM, CTR-BOTTOM, DGW-MOMENTUM",167.9972,-0.21
2025-07-11 07:00:00,0.2,0.464,1,"LPB-BOTTOM, KBC-MOMENTUM, CTR-BOTTOM, DGW-MOMENTUM",168.7767,0.0
2025-07-14 07:00:00,0.2,-0.138,0,"LPB-BOTTOM, CTR-MOMENTUM, KBC-MOMENTUM, CTR-BOTTOM",168.5438,-0.138
2025-07-15 07:00:00,0.2,0.268,1,"LPB-BOTTOM, KBC-MOMENTUM, CTR-BOTTOM",168.9955,0.0
2025-07-16 07:00:00,0.2,-0.036,0,"LPB-BOTTOM, KBC-MOMENTUM, CTR-BOTTOM",168.9346,-0.036
2025-07-17 07:00:00,0.2,0.306,1,"LPB-BOTTOM, ANV-MOMENTUM, KBC-MOMENTUM",169.4516,0.0
2025-07-18 07:00:00,0.2,0.606,1,"LPB-BOTTOM, ANV-MOMENTUM, KBC-MOMENTUM",170.4785,0.0
2025-07-21 07:00:00,0.2,0.8,1,"LPB-BOTTOM, ANV-MOMENTUM",171.8423,0.0
2025-07-22 07:00:00,0.2,-0.524,0,"LPB-BOTTOM, ANV-MOMENTUM, KBC-MOMENTUM",170.9418,-0.524
2025-07-23 07:00:00,0.2,-0.47,0,"LPB-BOTTOM, ANV-MOMENTUM, KBC-MOMENTUM",170.1384,-0.992
2025-07-24 07:00:00,0.2,0.598,1,"LPB-BOTTOM, KBC-MOMENTUM",171.1558,-0.399
2025-07-25 07:00:00,0.2,-0.226,0,"LPB-BOTTOM, ANV-MOMENTUM, KBC-MOMENTUM",170.769,-0.625
2025-07-28 07:00:00,0.2,-0.236,0,"LPB-BOTTOM, ANV-MOMENTUM, KBC-MOMENTUM",170.366,-0.859
2025-07-29 07:00:00,0.2,2.22,1,KBC-MOMENTUM,174.1481,0.0
2025-07-30 07:00:00,0.2,1.732,1,"VRE-BOTTOM, KBC-MOMENTUM",177.1644,0.0
2025-07-31 07:00:00,0.2,1.836,1,"VRE-BOTTOM, VHM-BOTTOM, ANV-MOMENTUM, KBC-MOMENTUM",180.4171,0.0
2025-08-01 07:00:00,0.2,0.794,1,"VHM-BOTTOM, VRE-BOTTOM, LPB-BOTTOM, KBC-MOMENTUM",181.8496,0.0
2025-08-04 07:00:00,0.2,0.584,1,"VHM-BOTTOM, KBC-MOMENTUM",182.9116,0.0
2025-08-05 07:00:00,0.2,1.354,1,"LPB-BOTTOM, ANV-MOMENTUM, KBC-MOMENTUM",185.3883,0.0
2025-08-06 07:00:00,0.2,0.386,1,"LPB-BOTTOM, VHM-BOTTOM, ANV-MOMENTUM",186.1039,0.0
2025-08-07 07:00:00,0.2,-0.652,0,"VHM-BOTTOM, ANV-MOMENTUM",184.8905,-0.652
2025-08-08 07:00:00,0.2,-0.46,0,"VHM-BOTTOM, ANV-MOMENTUM, KBC-MOMENTUM, DGW-MOMENTUM",184.04,-1.109
2025-08-11 07:00:00,0.2,-0.016,0,"VRE-BOTTOM, VHM-BOTTOM, ANV-MOMENTUM, KBC-MOMENTUM, DGW-MOMENTUM",184.0105,-1.125
2025-08-12 07:00:00,0.2,0.99,1,"LPB-BOTTOM, VRE-BOTTOM, VHM-BOTTOM, ANV-MOMENTUM, KBC-MOMENTUM",185.8322,-0.146
2025-08-13 07:00:00,0.2,1.61,1,"LPB-BOTTOM, VHM-BOTTOM, VRE-BOTTOM, ANV-MOMENTUM, KBC-MOMENTUM",188.8241,0.0
2025-08-14 07:00:00,0.2,2.508,1,"LPB-BOTTOM, VHM-BOTTOM",193.5598,0.0
2025-08-15 07:00:00,0.2,2.328,1,"LPB-BOTTOM, VHM-BOTTOM",198.0659,0.0
2025-08-18 07:00:00,0.2,0.818,1,"LPB-BOTTOM, VHM-BOTTOM, ANV-MOMENTUM, KBC-MOMENTUM",199.6861,0.0
2025-08-19 07:00:00,0.2,0.736,1,"VHM-BOTTOM, ANV-MOMENTUM",201.1558,0.0
2025-08-20 07:00:00,0.2,-0.494,0,ANV-MOMENTUM,200.1621,-0.494
2025-08-25 07:00:00,0.2,0.328,1,"VHM-BOTTOM, VRE-BOTTOM, KBC-MOMENTUM",200.8186,-0.168
2025-08-26 07:00:00,0.2,0.016,1,KBC-MOMENTUM,200.8507,-0.152
2025-08-27 07:00:00,0.2,-0.11,0,"LPB-BOTTOM, VRE-BOTTOM",200.6298,-0.261
2025-08-28 07:00:00,0.2,-0.94,0,"LPB-BOTTOM, KBC-MOMENTUM",198.7439,-1.199
2025-08-29 07:00:00,0.2,-0.41,0,"LPB-BOTTOM, ANV-MOMENTUM",197.929,-1.604
2025-09-03 07:00:00,0.2,-0.682,0,"LPB-BOTTOM, VNM-BOTTOM, ANV-MOMENTUM, KBC-MOMENTUM",196.5791,-2.275
2025-09-04 07:00:00,0.2,-0.55,0,"LPB-BOTTOM, ANV-MOMENTUM, KBC-MOMENTUM",195.498,-2.813
2025-09-05 07:00:00,0.2,-0.236,0,"LPB-BOTTOM, VNM-BOTTOM, ANV-MOMENTUM, KBC-MOMENTUM, VCI-MOMENTUM",195.0366,-3.042
2025-09-08 07:00:00,0.2,0.466,1,"LPB-BOTTOM, VRE-BOTTOM, VNM-BOTTOM",195.9454,-2.59
2025-09-09 07:00:00,0.2,0.676,1,"VNM-BOTTOM, ANV-MOMENTUM",197.27,-1.932
2025-09-10 07:00:00,0.2,0.924,1,"VNM-BOTTOM, ANV-MOMENTUM",199.0928,-1.026
2025-09-11 07:00:00,0.2,-0.62,0,ANV-MOMENTUM,197.8584,-1.639
2025-09-12 07:00:00,0.2,-0.566,0,"STB-BOTTOM, ANV-MOMENTUM",196.7386,-2.196
2025-09-15 07:00:00,0.2,-1.554,0,"ANV-MOMENTUM, CTR-BOTTOM",193.6812,-3.716
2025-09-16 07:00:00,0.2,-0.602,0,"ANV-MOMENTUM, CTR-BOTTOM",192.5153,-4.295
2025-09-17 07:00:00,0.2,-0.558,0,"KBC-BOTTOM, VRE-BOTTOM, VHM-BOTTOM, ANV-MOMENTUM, CTR-BOTTOM",191.441,-4.829
2025-09-18 07:00:00,0.2,-0.486,0,"KBC-BOTTOM, VRE-BOTTOM, VHM-BOTTOM, CTR-BOTTOM",190.5106,-5.292
2025-09-19 07:00:00,0.2,-0.134,0,"KBC-BOTTOM, VRE-BOTTOM, VHM-BOTTOM, CTR-MOMENTUM, CTR-BOTTOM",190.2554,-5.419
2025-09-22 07:00:00,0.2,0.388,1,"VRE-BOTTOM, STB-BOTTOM, VHM-BOTTOM, KBC-BOTTOM",190.9936,-5.052
2025-09-23 07:00:00,0.2,0.858,1,"VRE-BOTTOM, LPB-BOTTOM, VHM-BOTTOM, STB-BOTTOM, KBC-BOTTOM",192.6323,-4.237
2025-09-24 07:00:00,0.2,0.992,1,"VRE-BOTTOM, LPB-BOTTOM, VHM-BOTTOM, KBC-BOTTOM",194.5432,-3.287
2025-09-25 07:00:00,0.2,0.318,1,"VRE-BOTTOM, LPB-BOTTOM, VHM-BOTTOM, KBC-BOTTOM",195.1618,-2.98
2025-09-26 07:00:00,0.2,0.25,1,"VRE-BOTTOM, VHM-BOTTOM, CTR-BOTTOM",195.6497,-2.737
2025-09-29 07:00:00,0.2,0.652,1,"VRE-BOTTOM, VHM-BOTTOM, CTR-BOTTOM",196.9254,-2.103
2025-09-30 07:00:00,0.2,0.3,1,"VHM-BOTTOM, ANV-MOMENTUM",197.5162,-1.809
2025-10-01 07:00:00,0.2,1.62,1,"VHM-BOTTOM, ANV-MOMENTUM",200.7159,-0.219
2025-10-02 07:00:00,0.2,1.47,1,"VHM-BOTTOM, KBC-BOTTOM, VNM-BOTTOM, ANV-MOMENTUM",203.6664,0.0
2025-10-03 07:00:00,0.2,1.548,1,"VHM-BOTTOM, KBC-BOTTOM, VNM-BOTTOM, ANV-MOMENTUM",206.8192,0.0
2025-10-06 07:00:00,0.2,1.774,1,"VHM-BOTTOM, VNM-BOTTOM, ANV-MOMENTUM",210.4882,0.0
2025-10-07 07:00:00,0.2,1.976,1,"VHM-BOTTOM, VNM-BOTTOM, ANV-MOMENTUM",214.6474,0.0
2025-10-08 07:00:00,0.2,0.626,1,"VHM-BOTTOM, LPB-BOTTOM, ANV-MOMENTUM",215.9911,0.0
2025-10-09 07:00:00,0.2,-0.784,0,"LPB-BOTTOM, ANV-MOMENTUM",214.2977,-0.784
2025-10-10 07:00:00,0.2,-0.824,0,"LPB-BOTTOM, ANV-MOMENTUM",212.5319,-1.602
2025-10-13 07:00:00,0.2,-2.192,0,"LPB-BOTTOM, ANV-MOMENTUM",207.8732,-3.758
2025-10-14 07:00:00,0.2,-0.896,0,"LPB-BOTTOM, ANV-MOMENTUM",206.0107,-4.621
2025-10-15 07:00:00,0.2,-0.82,0,LPB-BOTTOM,204.3214,-5.403
2025-10-16 07:00:00,0.2,-0.16,0,LPB-BOTTOM,203.9945,-5.554
2025-10-20 07:00:00,0.2,-0.046,0,"STB-BOTTOM, VHM-BOTTOM, VNM-BOTTOM",203.9006,-5.598
2025-10-21 07:00:00,0.2,0.366,1,"STB-BOTTOM, VNM-BOTTOM, CTR-BOTTOM",204.6469,-5.252
2025-10-22 07:00:00,0.2,0.656,1,"STB-BOTTOM, VNM-BOTTOM, CTR-BOTTOM",205.9894,-4.631
2025-10-23 07:00:00,0.2,0.58,1,"STB-BOTTOM, VNM-BOTTOM, ANV-MOMENTUM, CTR-BOTTOM",207.1841,-4.077
2025-10-24 07:00:00,0.2,-0.126,0,"STB-BOTTOM, PET-BOTTOM, VNM-BOTTOM, CTR-BOTTOM",206.9231,-4.198
2025-10-27 07:00:00,0.2,-0.728,0,"PET-BOTTOM, STB-BOTTOM, VHM-BOTTOM, VNM-BOTTOM, CTR-BOTTOM",205.4167,-4.896
2025-10-28 07:00:00,0.2,-1.068,0,"PET-BOTTOM, STB-BOTTOM, VHM-BOTTOM, VRE-BOTTOM, VNM-BOTTOM",203.2228,-5.911
2025-10-29 07:00:00,0.2,-1.002,0,"LPB-BOTTOM, STB-BOTTOM, VRE-BOTTOM, VNM-BOTTOM, CTR-BOTTOM",201.1865,-6.854
2025-10-30 07:00:00,0.2,-1.146,0,"VRE-BOTTOM, STB-BOTTOM, VNM-BOTTOM, CTR-BOTTOM",198.8809,-7.922
2025-10-31 07:00:00,0.2,-1.098,0,"STB-BOTTOM, VNM-BOTTOM, CTR-MOMENTUM, CTR-BOTTOM",196.6972,-8.933
2025-11-03 07:00:00,0.2,-0.88,0,"STB-BOTTOM, VNM-BOTTOM, CTR-BOTTOM, DGW-MOMENTUM",194.9663,-9.734
2025-11-04 07:00:00,0.2,-1.046,0,"VRE-BOTTOM, STB-BOTTOM, VNM-BOTTOM, KBC-MOMENTUM, CTR-BOTTOM",192.9269,-10.678
2025-11-05 07:00:00,0.2,-0.248,0,"STB-BOTTOM, VNM-BOTTOM, CTR-BOTTOM",192.4485,-10.9
2025-11-06 07:00:00,0.2,-0.004,0,"PET-BOTTOM, STB-BOTTOM, VNM-BOTTOM, KBC-MOMENTUM, CTR-BOTTOM",192.4408,-10.903
2025-11-07 07:00:00,0.2,1.09,1,"PET-BOTTOM, CTR-BOTTOM",194.5384,-9.932
2025-11-10 07:00:00,0.2,0.464,1,PET-BOTTOM,195.4411,-9.514
2025-11-11 07:00:00,0.2,0.074,1,"PET-BOTTOM, STB-BOTTOM, CTR-BOTTOM",195.5857,-9.447
2025-11-12 07:00:00,0.2,-0.248,0,"PET-BOTTOM, STB-BOTTOM, VRE-BOTTOM, CTR-MOMENTUM, CTR-BOTTOM",195.1006,-9.672
2025-11-13 07:00:00,0.2,-0.192,0,"STB-BOTTOM, PET-BOTTOM, CTR-BOTTOM",194.726,-9.845
2025-11-14 07:00:00,0.2,0.69,1,"STB-BOTTOM, VRE-BOTTOM, CTR-BOTTOM, DGW-MOMENTUM",196.0696,-9.223
2025-11-17 07:00:00,0.2,0.996,1,"VHM-BOTTOM, VRE-BOTTOM, STB-BOTTOM",198.0225,-8.319
2025-11-18 07:00:00,0.2,-0.156,0,"VHM-BOTTOM, VRE-BOTTOM, STB-BOTTOM, PET-BOTTOM, ANV-MOMENTUM",197.7136,-8.462
2025-11-19 07:00:00,0.2,0.28,1,"VRE-BOTTOM, VHM-BOTTOM, STB-BOTTOM, PET-BOTTOM, ANV-MOMENTUM",198.2672,-8.206
2025-11-20 07:00:00,0.2,0.154,1,"VRE-BOTTOM, VHM-BOTTOM, STB-BOTTOM, ANV-MOMENTUM, KBC-MOMENTUM",198.5725,-8.064
2025-11-21 07:00:00,0.2,-0.374,0,"VHM-BOTTOM, STB-BOTTOM, ANV-MOMENTUM, KBC-MOMENTUM",197.8299,-8.408
2025-11-24 07:00:00,0.2,0.022,1,"PET-BOTTOM, VHM-BOTTOM, STB-BOTTOM, ANV-MOMENTUM",197.8734,-8.388
2025-11-25 07:00:00,0.2,0.356,1,"PET-BOTTOM, VHM-BOTTOM, STB-BOTTOM, KBC-MOMENTUM",198.5778,-8.062
2025-11-26 07:00:00,0.2,0.386,1,"PET-BOTTOM, VHM-BOTTOM, STB-BOTTOM, KBC-MOMENTUM",199.3443,-7.707
2025-11-27 07:00:00,0.2,-0.244,0,KBC-MOMENTUM,198.8579,-7.932
2025-11-28 07:00:00,0.2,0.664,1,"PET-BOTTOM, KBC-MOMENTUM",200.1783,-7.321
2025-12-01 07:00:00,0.2,0.898,1,"PET-BOTTOM, STB-BOTTOM",201.9759,-6.489
2025-12-02 07:00:00,0.2,-0.158,0,"PET-BOTTOM, STB-BOTTOM",201.6568,-6.637
2025-12-04 07:00:00,0.2,-1.37,0,PET-BOTTOM,198.8941,-7.916
2025-12-05 07:00:00,0.2,-2.966,0,PET-BOTTOM,192.9949,-10.647
2025-12-08 07:00:00,0.2,-0.94,0,STB-BOTTOM,191.1808,-11.487
2025-12-09 07:00:00,0.2,-1.954,0,"STB-BOTTOM, PET-BOTTOM",187.4451,-13.216
2025-12-10 07:00:00,0.2,-0.79,0,"KBC-BOTTOM, VRE-BOTTOM, STB-BOTTOM, PET-BOTTOM",185.9643,-13.902
2025-12-11 07:00:00,0.2,-0.474,0,"VRE-BOTTOM, STB-BOTTOM, PET-BOTTOM, VHM-BOTTOM",185.0828,-14.31
2025-12-12 07:00:00,0.2,1.098,1,"STB-BOTTOM, KBC-BOTTOM, VNM-BOTTOM",187.115,-13.369
2025-12-15 07:00:00,0.2,1.886,1,"VRE-BOTTOM, STB-BOTTOM, KBC-BOTTOM",190.644,-11.735
2025-12-16 07:00:00,0.2,3.314,1,"STB-BOTTOM, VRE-BOTTOM",196.9619,-8.81
2025-12-17 07:00:00,0.2,2.522,1,"STB-BOTTOM, VRE-BOTTOM, PET-BOTTOM",201.9293,-6.51
2025-12-18 07:00:00,0.2,1.746,1,"STB-BOTTOM, VRE-BOTTOM, PET-BOTTOM",205.455,-4.878
2025-12-19 07:00:00,0.2,0.562,1,"PET-BOTTOM, VHM-BOTTOM, VRE-BOTTOM, VNM-BOTTOM",206.6097,-4.343
2025-12-22 07:00:00,0.2,0.748,1,"PET-BOTTOM, VHM-BOTTOM, VRE-BOTTOM, VNM-BOTTOM",208.1551,-3.628
2025-12-23 07:00:00,0.2,0.034,1,"VNM-BOTTOM, VCI-MOMENTUM",208.2259,-3.595
2025-12-24 07:00:00,0.2,-0.258,0,VNM-BOTTOM,207.6887,-3.844
2025-12-25 07:00:00,0.2,1.266,1,"VHM-BOTTOM, VRE-BOTTOM, PET-BOTTOM, VNM-BOTTOM",210.318,-2.627
2025-12-26 07:00:00,0.2,2.284,1,"VHM-BOTTOM, VRE-BOTTOM, PET-BOTTOM, VNM-BOTTOM",215.1217,-0.403
2025-12-29 07:00:00,0.2,-0.6,0,"PET-BOTTOM, VNM-BOTTOM",213.8309,-1.0
2025-12-30 07:00:00,0.2,0.208,1,"PET-BOTTOM, VNM-BOTTOM, CTR-BOTTOM",214.2757,-0.794
2025-12-31 07:00:00,0.2,0.38,1,"PET-BOTTOM, VNM-BOTTOM, KBC-MOMENTUM, CTR-BOTTOM",215.0899,-0.417
2026-01-05 07:00:00,0.2,2.59,1,"KBC-MOMENTUM, CTR-BOTTOM",220.6608,0.0
2026-01-06 07:00:00,0.2,2.056,1,"VNM-BOTTOM, CTR-MOMENTUM, KBC-MOMENTUM, CTR-BOTTOM",225.1976,0.0
2026-01-07 07:00:00,0.2,2.046,1,"VNM-BOTTOM, KBC-MOMENTUM, CTR-BOTTOM",229.8051,0.0
2026-01-08 07:00:00,0.2,1.828,1,"VNM-BOTTOM, KBC-MOMENTUM, CTR-BOTTOM, DGW-MOMENTUM",234.0059,0.0
2026-01-09 07:00:00,0.2,1.138,1,"VNM-BOTTOM, KBC-MOMENTUM",236.6689,0.0
2026-01-12 07:00:00,0.2,1.706,1,"PET-BOTTOM, VNM-BOTTOM, KBC-MOMENTUM",240.7065,0.0
2026-01-13 07:00:00,0.2,-0.374,0,"VRE-BOTTOM, KBC-MOMENTUM",239.8063,-0.374
2026-01-14 07:00:00,0.2,0.49,1,"STB-BOTTOM, VRE-BOTTOM, VHM-BOTTOM, KBC-MOMENTUM",240.9813,0.0
2026-01-15 07:00:00,0.2,0.118,1,"VRE-BOTTOM, VHM-BOTTOM, KBC-MOMENTUM, VCI-MOMENTUM",241.2657,0.0
2026-01-16 07:00:00,0.2,-0.164,0,"VRE-BOTTOM, VHM-BOTTOM",240.87,-0.164
2026-01-19 07:00:00,0.2,-1.604,0,"VRE-BOTTOM, PET-BOTTOM, ANV-MOMENTUM, KBC-MOMENTUM",237.0064,-1.765
2026-01-20 07:00:00,0.2,-0.886,0,"STB-BOTTOM, VRE-BOTTOM, VHM-BOTTOM, PET-BOTTOM, ANV-MOMENTUM",234.9066,-2.636
2026-01-21 07:00:00,0.2,-1.99,0,"VRE-BOTTOM, PET-BOTTOM, VHM-BOTTOM, KBC-MOMENTUM, CTR-BOTTOM",230.2319,-4.573
2026-01-22 07:00:00,0.2,-1.128,0,"LPB-BOTTOM, VRE-BOTTOM, PET-BOTTOM, VHM-BOTTOM, ANV-MOMENTUM",227.6349,-5.65
2026-01-23 07:00:00,0.2,-0.94,0,"LPB-BOTTOM, PET-BOTTOM, VRE-BOTTOM, VHM-BOTTOM, ANV-MOMENTUM",225.4951,-6.537
2026-01-26 07:00:00,0.2,-0.664,0,"VRE-BOTTOM, CTR-BOTTOM",223.9978,-7.157
2026-01-27 07:00:00,0.2,0.624,1,CTR-BOTTOM,225.3956,-6.578
2026-01-28 07:00:00,0.2,0.872,1,"ANV-MOMENTUM, CTR-BOTTOM",227.361,-5.763
2026-01-29 07:00:00,0.2,0.276,1,"PET-BOTTOM, KBC-BOTTOM, VRE-BOTTOM, ANV-MOMENTUM",227.9886,-5.503
2026-01-30 07:00:00,0.2,-0.864,0,"PET-BOTTOM, VRE-BOTTOM, ANV-MOMENTUM",226.0187,-6.32
2026-02-02 07:00:00,0.2,-1.456,0,"PET-BOTTOM, ANV-MOMENTUM",222.7279,-7.684
2026-02-03 07:00:00,0.2,-2.412,0,"PET-BOTTOM, ANV-MOMENTUM",217.3557,-9.91
2026-02-04 07:00:00,0.2,-2.106,0,"PET-BOTTOM, ANV-MOMENTUM",212.7782,-11.808
2026-02-05 07:00:00,0.2,-0.248,0,"VRE-BOTTOM, PET-BOTTOM, KBC-MOMENTUM",212.2505,-12.026
2026-02-06 07:00:00,0.2,0.522,1,"PET-BOTTOM, VRE-BOTTOM, KBC-BOTTOM, VNM-BOTTOM",213.3585,-11.567
2026-02-09 07:00:00,0.2,1.174,1,"PET-BOTTOM, VRE-BOTTOM, VNM-BOTTOM",215.8633,-10.529
2026-02-10 07:00:00,0.2,1.096,1,"PET-BOTTOM, STB-BOTTOM, VRE-BOTTOM, VNM-BOTTOM",218.2291,-9.548
2026-02-11 07:00:00,0.2,0.776,1,"STB-BOTTOM, PET-BOTTOM, KBC-BOTTOM, VHM-BOTTOM, VRE-BOTTOM",219.9226,-8.846
2026-02-12 07:00:00,0.2,0.878,1,"PET-BOTTOM, STB-BOTTOM, VRE-BOTTOM, VHM-BOTTOM",221.8535,-8.046
2026-02-13 07:00:00,0.2,0.894,1,"PET-BOTTOM, VHM-BOTTOM, VRE-BOTTOM",223.8369,-7.224
2026-02-23 07:00:00,0.2,-1.814,0,"VRE-BOTTOM, VHM-BOTTOM",219.7765,-8.907
2026-02-24 07:00:00,0.2,-3.314,0,VHM-BOTTOM,212.4931,-11.926
2026-02-25 07:00:00,0.2,-0.556,0,"PET-BOTTOM, VRE-BOTTOM, VHM-BOTTOM",211.3116,-12.415
2026-02-26 07:00:00,0.2,-1.588,0,"LPB-BOTTOM, VRE-BOTTOM, VHM-BOTTOM, KBC-MOMENTUM",207.956,-13.806
2026-02-27 07:00:00,0.2,-1.774,0,"LPB-BOTTOM, VNM-BOTTOM, KBC-MOMENTUM, DGW-MOMENTUM",204.2669,-15.335
2026-03-02 07:00:00,0.2,-2.732,0,"VHM-BOTTOM, VRE-BOTTOM, KBC-BOTTOM, VNM-BOTTOM",198.6863,-17.648
2026-03-03 07:00:00,0.2,-1.634,0,"VRE-BOTTOM, KBC-BOTTOM, VNM-BOTTOM",195.4398,-18.994
2026-03-04 07:00:00,0.2,-1.05,0,"KBC-BOTTOM, LPB-BOTTOM, VRE-BOTTOM, VNM-BOTTOM",193.3876,-19.845
2026-03-05 07:00:00,0.2,-0.872,0,"VRE-BOTTOM, LPB-BOTTOM, VNM-BOTTOM",191.7013,-20.543
2026-03-06 07:00:00,0.2,-0.16,0,"VHM-BOTTOM, KBC-BOTTOM, VRE-BOTTOM, VNM-BOTTOM",191.3946,-20.671
2026-03-09 07:00:00,0.2,0.676,1,KBC-BOTTOM,192.6884,-20.134
2026-03-10 07:00:00,0.2,0.092,1,"KBC-BOTTOM, VNM-BOTTOM",192.8657,-20.061
2026-03-11 07:00:00,0.2,0.75,1,"PET-BOTTOM, VHM-BOTTOM, VRE-BOTTOM, KBC-BOTTOM, VNM-BOTTOM",194.3122,-19.461
2026-03-12 07:00:00,0.2,1.166,1,"PET-BOTTOM, VHM-BOTTOM, VRE-BOTTOM, VNM-BOTTOM",196.5779,-18.522
2026-03-13 07:00:00,0.2,-0.016,0,"PET-BOTTOM, VRE-BOTTOM, VHM-BOTTOM, KBC-BOTTOM, VNM-BOTTOM",196.5464,-18.535
2026-03-16 07:00:00,0.2,-0.844,0,"PET-BOTTOM, VHM-BOTTOM, VRE-BOTTOM, KBC-BOTTOM, VNM-BOTTOM",194.8876,-19.223
2026-03-17 07:00:00,0.2,-0.686,0,"PET-BOTTOM, VHM-BOTTOM, VRE-BOTTOM, KBC-BOTTOM, VNM-BOTTOM",193.5506,-19.777
2026-03-18 07:00:00,0.2,-0.398,0,"VHM-BOTTOM, VRE-BOTTOM, STB-BOTTOM, KBC-BOTTOM, VNM-BOTTOM",192.7803,-20.096
2026-03-19 07:00:00,0.2,-0.928,0,"VHM-BOTTOM, VRE-BOTTOM, STB-BOTTOM, KBC-BOTTOM",190.9913,-20.838
2026-03-20 07:00:00,0.2,0.276,1,"PET-BOTTOM, KBC-BOTTOM, VHM-BOTTOM, VRE-BOTTOM, STB-BOTTOM",191.5184,-20.619
2026-03-23 07:00:00,0.2,0.392,1,"VHM-BOTTOM, STB-BOTTOM, VRE-BOTTOM",192.2692,-20.308
2026-03-24 07:00:00,0.2,1.798,1,"PET-BOTTOM, KBC-BOTTOM, STB-BOTTOM, VRE-BOTTOM",195.7262,-18.875
2026-03-25 07:00:00,0.2,0.574,1,"KBC-BOTTOM, VRE-BOTTOM, STB-BOTTOM, VNM-BOTTOM",196.8496,-18.41
2026-03-26 07:00:00,0.2,0.788,1,"KBC-BOTTOM, VRE-BOTTOM, STB-BOTTOM, VNM-BOTTOM",198.4008,-17.767
2026-03-27 07:00:00,0.2,-0.324,0,CTR-BOTTOM,197.758,-18.033
2026-03-30 07:00:00,0.2,-0.344,0,"STB-BOTTOM, VNM-BOTTOM, CTR-BOTTOM",197.0777,-18.315
2026-03-31 07:00:00,0.2,-0.276,0,"VRE-BOTTOM, STB-BOTTOM, VNM-BOTTOM, CTR-BOTTOM",196.5338,-18.541
2026-04-01 07:00:00,0.2,0.832,1,"LPB-BOTTOM, STB-BOTTOM, VNM-BOTTOM, KBC-MOMENTUM, CTR-BOTTOM",198.1689,-17.863
2026-04-02 07:00:00,0.2,0.712,1,"STB-BOTTOM, VNM-BOTTOM, ANV-MOMENTUM, KBC-MOMENTUM, CTR-BOTTOM",199.5799,-17.278
2026-04-03 07:00:00,0.2,0.926,1,"STB-BOTTOM, VNM-BOTTOM, ANV-MOMENTUM, KBC-MOMENTUM, CTR-BOTTOM",201.428,-16.512
2026-04-06 07:00:00,0.2,1.044,1,"STB-BOTTOM, VRE-BOTTOM, LPB-BOTTOM, VNM-BOTTOM",203.5309,-15.64
2026-04-07 07:00:00,0.2,0.904,1,"VRE-BOTTOM, STB-BOTTOM, PET-BOTTOM, VNM-BOTTOM, ANV-MOMENTUM",205.3708,-14.878
2026-04-08 07:00:00,0.2,-0.22,0,"LPB-BOTTOM, CTR-MOMENTUM, ANV-MOMENTUM, KBC-MOMENTUM, CTR-BOTTOM",204.919,-15.065
2026-04-09 07:00:00,0.2,-0.032,0,"LPB-BOTTOM, CTR-MOMENTUM, ANV-MOMENTUM, KBC-MOMENTUM, CTR-BOTTOM",204.8535,-15.092
2026-04-10 07:00:00,0.2,0.116,1,"CTR-MOMENTUM, ANV-MOMENTUM, CTR-BOTTOM",205.0911,-14.994
2026-04-13 07:00:00,0.2,-0.12,0,"PET-BOTTOM, LPB-BOTTOM, ANV-MOMENTUM, CTR-BOTTOM",204.845,-15.096
2026-04-14 07:00:00,0.2,-0.466,0,"LPB-BOTTOM, PET-BOTTOM, ANV-MOMENTUM, CTR-BOTTOM",203.8904,-15.491
2026-04-15 07:00:00,0.2,-0.55,0,"LPB-BOTTOM, PET-BOTTOM, CTR-BOTTOM",202.769,-15.956
2026-04-16 07:00:00,0.2,-0.268,0,"PET-BOTTOM, LPB-BOTTOM, VNM-BOTTOM, CTR-MOMENTUM, CTR-BOTTOM",202.2256,-16.181
2026-04-17 07:00:00,0.2,-0.452,0,"LPB-BOTTOM, PET-BOTTOM, ANV-MOMENTUM, KBC-MOMENTUM, CTR-BOTTOM",201.3115,-16.56
2026-04-20 07:00:00,0.2,-0.49,0,"PET-BOTTOM, LPB-BOTTOM, ANV-MOMENTUM, KBC-MOMENTUM, CTR-BOTTOM",200.3251,-16.969
2026-04-21 07:00:00,0.2,-0.39,0,"LPB-BOTTOM, PET-BOTTOM, ANV-MOMENTUM, KBC-MOMENTUM",199.5438,-17.293
2026-04-22 07:00:00,0.2,-0.544,0,"LPB-BOTTOM, PET-BOTTOM, ANV-MOMENTUM, KBC-MOMENTUM, DGW-MOMENTUM",198.4583,-17.743
2026-04-23 07:00:00,0.2,-0.192,0,"LPB-BOTTOM, PET-BOTTOM, CTR-BOTTOM",198.0773,-17.901
2026-04-24 07:00:00,0.2,-0.644,0,"PET-BOTTOM, CTR-BOTTOM",196.8016,-18.429
2026-04-28 07:00:00,0.2,-0.228,0,"PET-BOTTOM, CTR-MOMENTUM, CTR-BOTTOM",196.3529,-18.615
2026-04-29 07:00:00,0.2,-0.16,0,VNM-BOTTOM,196.0388,-18.746
2026-05-04 07:00:00,0.2,-0.776,0,"VNM-BOTTOM, KBC-MOMENTUM",194.5175,-19.376
2026-05-05 07:00:00,0.2,-0.672,0,"VNM-BOTTOM, KBC-MOMENTUM",193.2104,-19.918
2026-05-06 07:00:00,0.2,-1.176,0,"VNM-BOTTOM, KBC-MOMENTUM",190.9382,-20.86
2026-05-07 07:00:00,0.2,-0.368,0,"LPB-BOTTOM, PET-BOTTOM, VNM-BOTTOM, KBC-MOMENTUM",190.2355,-21.151
2026-05-08 07:00:00,0.2,-0.218,0,"LPB-BOTTOM, PET-BOTTOM, VNM-BOTTOM",189.8208,-21.323
2026-05-11 07:00:00,0.2,-0.132,0,"LPB-BOTTOM, KBC-BOTTOM, PET-BOTTOM, VNM-BOTTOM",189.5703,-21.427
2026-05-12 07:00:00,0.2,-0.696,0,"PET-BOTTOM, KBC-BOTTOM, VNM-BOTTOM",188.2509,-21.974
2026-05-13 07:00:00,0.2,-0.06,0,"VHM-BOTTOM, LPB-BOTTOM, PET-BOTTOM, KBC-BOTTOM, VNM-BOTTOM",188.1379,-22.02
2026-05-14 07:00:00,0.2,-0.052,0,"PET-BOTTOM, LPB-BOTTOM, VHM-BOTTOM, KBC-BOTTOM, VNM-BOTTOM",188.0401,-22.061
2026-05-15 07:00:00,0.2,-0.112,0,"LPB-BOTTOM, PET-BOTTOM, KBC-BOTTOM, VHM-BOTTOM, VNM-BOTTOM",187.8295,-22.148
2026-05-18 07:00:00,0.2,0.092,1,"PET-BOTTOM, LPB-BOTTOM, VHM-BOTTOM, KBC-BOTTOM, VNM-BOTTOM",188.0023,-22.077
2026-05-19 07:00:00,0.2,0.292,1,"PET-BOTTOM, LPB-BOTTOM, KBC-BOTTOM, VNM-BOTTOM, CTR-BOTTOM",188.5512,-21.849
2026-05-20 07:00:00,0.2,-0.536,0,"PET-BOTTOM, KBC-BOTTOM, VHM-BOTTOM, VNM-BOTTOM, CTR-BOTTOM",187.5406,-22.268
2026-05-21 07:00:00,0.2,-0.5,0,"PET-BOTTOM, LPB-BOTTOM, KBC-BOTTOM, VNM-BOTTOM, CTR-BOTTOM",186.6029,-22.657
