Ngày tín hiệu,Exposure,Lợi nhuận danh mục exit sau phí %,Win danh mục,Danh mục,Equity giả lập,Drawdown giả lập %,Survival Exposure,Protection Multiplier,Recovery Multiplier,Kill Switch,Adjusted Equity
2024-01-08 07:00:00,0.2,-0.828,0,CTR-MOMENTUM,99.172,-0.828,0.05500000000000001,0.1,1.0,True,5.454460000000001
2024-01-09 07:00:00,0.2,-0.334,0,CTR-MOMENTUM,98.8408,-1.159,0.05500000000000001,0.1,1.0,True,5.436244000000001
2024-01-11 07:00:00,0.2,-0.194,0,CTR-MOMENTUM,98.649,-1.351,0.05500000000000001,0.1,1.0,True,5.425695000000001
2024-01-25 07:00:00,0.2,0.472,1,CTR-MOMENTUM,99.1146,-0.885,0.05500000000000001,0.1,1.0,True,5.451303
2024-01-26 07:00:00,0.2,0.432,1,VCI-MOMENTUM,99.5428,-0.457,0.05500000000000001,0.1,1.0,True,5.4748540000000006
2024-01-30 07:00:00,0.2,0.638,1,CTR-MOMENTUM,100.1779,0.0,0.05500000000000001,0.1,1.0,True,5.5097845
2024-02-05 07:00:00,0.2,0.488,1,DGW-MOMENTUM,100.6668,0.0,0.05500000000000001,0.1,1.0,True,5.5366740000000005
2024-02-06 07:00:00,0.2,-0.092,0,DGW-MOMENTUM,100.5742,-0.092,0.05500000000000001,0.1,1.0,True,5.531581000000001
2024-02-07 07:00:00,0.2,0.202,1,DGW-MOMENTUM,100.7773,0.0,0.05500000000000001,0.1,1.0,True,5.5427515000000005
2024-02-15 07:00:00,0.2,0.594,1,CTR-MOMENTUM,101.3759,0.0,0.05500000000000001,0.1,1.0,True,5.575674500000001
2024-02-19 07:00:00,0.2,0.784,1,CTR-MOMENTUM,102.1707,0.0,0.05500000000000001,0.1,1.0,True,5.6193885
2024-02-20 07:00:00,0.2,0.912,1,CTR-MOMENTUM,103.1025,0.0,0.05500000000000001,0.1,1.0,True,5.670637500000001
2024-02-23 07:00:00,0.2,1.226,1,CTR-MOMENTUM,104.3665,0.0,0.05500000000000001,0.1,1.0,True,5.7401575000000005
2024-03-05 07:00:00,0.2,2.514,1,CTR-MOMENTUM,106.9903,0.0,0.05500000000000001,0.1,1.0,True,5.884466500000001
2024-03-06 07:00:00,0.2,2.76,1,"CTR-MOMENTUM, DGW-MOMENTUM",109.9433,0.0,0.05500000000000001,0.1,1.0,True,6.0468815000000005
2024-03-07 07:00:00,0.2,2.63,1,DGW-MOMENTUM,112.8348,0.0,0.05500000000000001,0.1,1.0,True,6.205914000000001
2024-03-08 07:00:00,0.2,2.368,1,CTR-MOMENTUM,115.5067,0.0,0.05500000000000001,0.1,1.0,True,6.3528685000000005
2024-04-01 07:00:00,0.2,-1.528,0,DGW-MOMENTUM,113.7417,-1.528,0.05500000000000001,0.1,1.0,True,6.2557935
2024-04-02 07:00:00,0.2,-1.612,0,DGW-MOMENTUM,111.9082,-3.115,0.05500000000000001,0.1,1.0,True,6.1549510000000005
2024-05-07 07:00:00,0.2,-0.226,0,DGW-MOMENTUM,111.6553,-3.334,0.05500000000000001,0.1,1.0,True,6.141041500000001
2024-05-08 07:00:00,0.2,-0.062,0,DGW-MOMENTUM,111.5861,-3.394,0.05500000000000001,0.1,1.0,True,6.137235500000001
2024-05-09 07:00:00,0.2,0.004,1,DGW-MOMENTUM,111.5906,-3.39,0.05500000000000001,0.1,1.0,True,6.1374830000000005
2024-05-10 07:00:00,0.2,1.032,1,DGW-MOMENTUM,112.7422,-2.393,0.05500000000000001,0.1,1.0,True,6.200821
2024-06-07 07:00:00,0.2,2.622,1,CTR-MOMENTUM,115.6983,0.0,0.05500000000000001,0.1,1.0,True,6.363406500000001
2024-07-10 07:00:00,0.2,-0.16,0,DGW-MOMENTUM,115.5132,-0.16,0.05500000000000001,0.1,1.0,True,6.353226
2024-07-11 07:00:00,0.2,-0.078,0,"DGW-MOMENTUM, VCI-MOMENTUM",115.4231,-0.238,0.05500000000000001,0.1,1.0,True,6.348270500000001
2024-08-07 07:00:00,0.2,0.284,1,KBC-BOTTOM,115.7509,0.0,0.05500000000000001,0.1,1.0,True,6.366299500000001
2024-08-08 07:00:00,0.2,0.292,1,KBC-BOTTOM,116.0888,0.0,0.05500000000000001,0.1,1.0,True,6.384884000000001
2024-08-13 07:00:00,0.2,1.388,1,KBC-BOTTOM,117.7002,0.0,0.05500000000000001,0.1,1.0,True,6.473511
2024-08-14 07:00:00,0.2,1.422,1,KBC-BOTTOM,119.3739,0.0,0.05500000000000001,0.1,1.0,True,6.565564500000002
2024-08-15 07:00:00,0.2,1.424,1,"KBC-BOTTOM, VCI-MOMENTUM",121.0737,0.0,0.05500000000000001,0.1,1.0,True,6.659053500000001
2024-08-16 07:00:00,0.2,0.304,1,DGW-MOMENTUM,121.4418,0.0,0.05500000000000001,0.1,1.0,True,6.679299000000001
2024-08-19 07:00:00,0.2,-0.128,0,DGW-MOMENTUM,121.2864,-0.128,0.05500000000000001,0.1,1.0,True,6.670752000000001
2024-08-20 07:00:00,0.2,-0.228,0,DGW-MOMENTUM,121.0098,-0.356,0.05500000000000001,0.1,1.0,True,6.655539000000001
2024-08-23 07:00:00,0.2,-0.238,0,CTR-MOMENTUM,120.7218,-0.593,0.05500000000000001,0.1,1.0,True,6.639699000000001
2024-09-04 07:00:00,0.2,-0.82,0,CTR-MOMENTUM,119.7319,-1.408,0.05500000000000001,0.1,1.0,True,6.5852545000000005
2024-09-11 07:00:00,0.2,-0.148,0,"KBC-BOTTOM, DGW-MOMENTUM",119.5547,-1.554,0.05500000000000001,0.1,1.0,True,6.575508500000001
2024-09-12 07:00:00,0.2,0.902,1,KBC-BOTTOM,120.6331,-0.666,0.05500000000000001,0.1,1.0,True,6.634820500000001
2024-09-13 07:00:00,0.2,1.076,1,KBC-BOTTOM,121.9311,0.0,0.05500000000000001,0.1,1.0,True,6.706210500000001
2024-09-16 07:00:00,0.2,1.216,1,KBC-BOTTOM,123.4138,0.0,0.05500000000000001,0.1,1.0,True,6.787759
2024-09-17 07:00:00,0.2,2.176,1,KBC-BOTTOM,126.0993,0.0,0.05500000000000001,0.1,1.0,True,6.935461500000001
2024-09-18 07:00:00,0.2,2.058,1,KBC-BOTTOM,128.6944,0.0,0.05500000000000001,0.1,1.0,True,7.078192000000001
2024-09-23 07:00:00,0.2,-0.556,0,DGW-MOMENTUM,127.9788,-0.556,0.05500000000000001,0.1,1.0,True,7.038834000000001
2024-09-26 07:00:00,0.2,-0.788,0,DGW-MOMENTUM,126.9704,-1.34,0.05500000000000001,0.1,1.0,True,6.983372000000001
2024-10-04 07:00:00,0.2,1.028,1,CTR-MOMENTUM,128.2756,-0.325,0.05500000000000001,0.1,1.0,True,7.0551580000000005
2024-10-07 07:00:00,0.2,0.716,1,CTR-MOMENTUM,129.1941,0.0,0.05500000000000001,0.1,1.0,True,7.1056755
2024-10-15 07:00:00,0.2,-0.858,0,KBC-BOTTOM,128.0856,-0.858,0.05500000000000001,0.1,1.0,True,7.044708000000001
2024-10-16 07:00:00,0.2,-1.226,0,CTR-MOMENTUM,126.5153,-2.073,0.05500000000000001,0.1,1.0,True,6.9583415
2024-10-22 07:00:00,0.2,-0.122,0,KBC-BOTTOM,126.3609,-2.193,0.05500000000000001,0.1,1.0,True,6.949849500000001
2024-10-24 07:00:00,0.2,0.228,1,KBC-BOTTOM,126.649,-1.97,0.05500000000000001,0.1,1.0,True,6.965695000000001
2024-10-25 07:00:00,0.2,0.188,1,KBC-BOTTOM,126.8871,-1.786,0.05500000000000001,0.1,1.0,True,6.9787905000000015
2024-10-28 07:00:00,0.2,0.568,1,KBC-BOTTOM,127.6078,-1.228,0.05500000000000001,0.1,1.0,True,7.018429000000001
2024-10-29 07:00:00,0.2,0.372,1,KBC-BOTTOM,128.0825,-0.86,0.05500000000000001,0.1,1.0,True,7.0445375000000015
2024-10-30 07:00:00,0.2,1.82,1,KBC-BOTTOM,130.4136,0.0,0.05500000000000001,0.1,1.0,True,7.172748000000001
2024-10-31 07:00:00,0.2,1.742,1,KBC-BOTTOM,132.6854,0.0,0.05500000000000001,0.1,1.0,True,7.297697
2024-11-01 07:00:00,0.2,1.7,1,KBC-BOTTOM,134.9411,0.0,0.05500000000000001,0.1,1.0,True,7.421760500000001
2024-12-03 07:00:00,0.2,0.198,1,"KBC-BOTTOM, DGW-MOMENTUM",135.2083,0.0,0.05500000000000001,0.1,1.0,True,7.436456500000001
2024-12-04 07:00:00,0.2,-0.276,0,DGW-MOMENTUM,134.8351,-0.276,0.05500000000000001,0.1,1.0,True,7.415930500000002
2024-12-20 07:00:00,0.2,-0.094,0,CTR-MOMENTUM,134.7084,-0.37,0.05500000000000001,0.1,1.0,True,7.408962000000002
2024-12-26 07:00:00,0.2,-0.45,0,KBC-BOTTOM,134.1022,-0.818,0.05500000000000001,0.1,1.0,True,7.3756210000000015
2024-12-27 07:00:00,0.2,-0.522,0,KBC-BOTTOM,133.4022,-1.336,0.05500000000000001,0.1,1.0,True,7.337121000000001
2024-12-30 07:00:00,0.2,0.428,1,KBC-BOTTOM,133.9731,-0.914,0.05500000000000001,0.1,1.0,True,7.368520500000001
2024-12-31 07:00:00,0.2,0.538,1,KBC-BOTTOM,134.6939,-0.38,0.05500000000000001,0.1,1.0,True,7.408164500000002
2025-01-06 07:00:00,0.2,0.65,1,KBC-BOTTOM,135.5694,0.0,0.05500000000000001,0.1,1.0,True,7.456317000000001
2025-01-09 07:00:00,0.2,0.108,1,CTR-MOMENTUM,135.7158,0.0,0.05500000000000001,0.1,1.0,True,7.464369000000001
2025-01-16 07:00:00,0.2,0.634,1,"STB-BOTTOM, CTR-MOMENTUM",136.5763,0.0,0.05500000000000001,0.1,1.0,True,7.511696500000001
2025-01-17 07:00:00,0.2,0.54,1,STB-BOTTOM,137.3138,0.0,0.05500000000000001,0.1,1.0,True,7.552259
2025-01-20 07:00:00,0.2,0.174,1,STB-BOTTOM,137.5527,0.0,0.05500000000000001,0.1,1.0,True,7.565398500000001
2025-01-21 07:00:00,0.2,0.534,1,STB-BOTTOM,138.2872,0.0,0.05500000000000001,0.1,1.0,True,7.6057960000000016
2025-01-22 07:00:00,0.2,0.336,1,STB-BOTTOM,138.7519,0.0,0.05500000000000001,0.1,1.0,True,7.631354500000001
2025-02-03 07:00:00,0.2,0.88,1,STB-BOTTOM,139.9729,0.0,0.05500000000000001,0.1,1.0,True,7.698509500000002
2025-02-11 07:00:00,0.2,0.048,1,KBC-BOTTOM,140.0401,0.0,0.05500000000000001,0.1,1.0,True,7.702205500000001
2025-02-21 07:00:00,0.2,0.382,1,DGW-MOMENTUM,140.575,0.0,0.05500000000000001,0.1,1.0,True,7.731625
2025-02-24 07:00:00,0.2,0.196,1,DGW-MOMENTUM,140.8506,0.0,0.05500000000000001,0.1,1.0,True,7.746783000000001
2025-02-25 07:00:00,0.2,0.274,1,DGW-MOMENTUM,141.2365,0.0,0.05500000000000001,0.1,1.0,True,7.768007500000001
2025-02-26 07:00:00,0.2,-0.24,0,DGW-MOMENTUM,140.8975,-0.24,0.05500000000000001,0.1,1.0,True,7.749362500000001
2025-02-27 07:00:00,0.2,0.708,1,DGW-MOMENTUM,141.8951,0.0,0.05500000000000001,0.1,1.0,True,7.804230500000002
2025-02-28 07:00:00,0.2,0.624,1,STB-BOTTOM,142.7805,0.0,0.05500000000000001,0.1,1.0,True,7.852927500000001
2025-03-14 07:00:00,0.2,-0.262,0,STB-BOTTOM,142.4064,-0.262,0.05500000000000001,0.1,1.0,True,7.832352
2025-03-17 07:00:00,0.2,-0.288,0,STB-BOTTOM,141.9963,-0.549,0.05500000000000001,0.1,1.0,True,7.809796500000001
2025-03-24 07:00:00,0.2,0.258,1,"KBC-BOTTOM, STB-BOTTOM",142.3626,-0.293,0.05500000000000001,0.1,1.0,True,7.829943
2025-03-26 07:00:00,0.2,0.026,1,"STB-BOTTOM, KBC-BOTTOM",142.3997,-0.267,0.05500000000000001,0.1,1.0,True,7.831983500000001
2025-03-27 07:00:00,0.2,-1.048,0,STB-BOTTOM,140.9073,-1.312,0.05500000000000001,0.1,1.0,True,7.749901500000001
2025-03-28 07:00:00,0.2,-0.604,0,STB-BOTTOM,140.0562,-1.908,0.05500000000000001,0.1,1.0,True,7.703091000000001
2025-03-31 07:00:00,0.2,-1.988,0,STB-BOTTOM,137.2719,-3.858,0.05500000000000001,0.1,1.0,True,7.5499545
2025-04-03 07:00:00,0.2,-1.17,0,"STB-BOTTOM, KBC-BOTTOM",135.6658,-4.983,0.05500000000000001,0.1,1.0,True,7.461619000000001
2025-04-04 07:00:00,0.2,-0.758,0,"STB-BOTTOM, KBC-BOTTOM",134.6375,-5.703,0.05500000000000001,0.1,1.0,True,7.4050625000000005
2025-04-08 07:00:00,0.2,1.938,1,STB-BOTTOM,137.2468,-3.876,0.05500000000000001,0.1,1.0,True,7.548574000000001
2025-04-10 07:00:00,0.2,1.478,1,STB-BOTTOM,139.2753,-2.455,0.05500000000000001,0.1,1.0,True,7.6601415
2025-05-06 07:00:00,0.2,0.204,1,DGW-MOMENTUM,139.5594,-2.256,0.05500000000000001,0.1,1.0,True,7.675767000000001
2025-05-07 07:00:00,0.2,0.702,1,"DGW-MOMENTUM, VCI-MOMENTUM",140.5391,-1.57,0.05500000000000001,0.1,1.0,True,7.729650500000001
2025-05-08 07:00:00,0.2,0.166,1,DGW-MOMENTUM,140.7724,-1.406,0.05500000000000001,0.1,1.0,True,7.742482000000002
2025-05-14 07:00:00,0.2,0.74,1,STB-BOTTOM,141.8141,-0.677,0.05500000000000001,0.1,1.0,True,7.799775500000001
2025-05-16 07:00:00,0.2,0.846,1,STB-BOTTOM,143.0138,0.0,0.05500000000000001,0.1,1.0,True,7.8657590000000015
2025-05-19 07:00:00,0.2,1.148,1,STB-BOTTOM,144.6556,0.0,0.05500000000000001,0.1,1.0,True,7.9560580000000005
2025-05-20 07:00:00,0.2,-0.098,0,CTR-MOMENTUM,144.5139,-0.098,0.05500000000000001,0.1,1.0,True,7.948264500000001
2025-05-26 07:00:00,0.2,-0.466,0,LPB-BOTTOM,143.8404,-0.564,0.05500000000000001,0.1,1.0,True,7.911222
2025-05-27 07:00:00,0.2,-0.486,0,"LPB-BOTTOM, CTR-MOMENTUM",143.1414,-1.047,0.05500000000000001,0.1,1.0,True,7.872777000000001
2025-05-29 07:00:00,0.2,0.03,1,"KBC-MOMENTUM, DGW-MOMENTUM",143.1843,-1.017,0.05500000000000001,0.1,1.0,True,7.875136500000002
2025-06-02 07:00:00,0.2,0.714,1,DGW-MOMENTUM,144.2067,-0.31,0.05500000000000001,0.1,1.0,True,7.931368500000001
2025-06-03 07:00:00,0.2,1.568,1,DGW-MOMENTUM,146.4678,0.0,0.05500000000000001,0.1,1.0,True,8.055729000000001
2025-06-04 07:00:00,0.2,-0.224,0,ANV-MOMENTUM,146.1397,-0.224,0.05500000000000001,0.1,1.0,True,8.037683500000002
2025-06-05 07:00:00,0.2,-0.286,0,ANV-MOMENTUM,145.7218,-0.509,0.05500000000000001,0.1,1.0,True,8.014699000000002
2025-06-06 07:00:00,0.2,0.86,1,"KBC-BOTTOM, ANV-MOMENTUM, DGW-MOMENTUM",146.975,0.0,0.05500000000000001,0.1,1.0,True,8.083625000000001
2025-06-09 07:00:00,0.2,0.08,1,KBC-BOTTOM,147.0926,0.0,0.05500000000000001,0.1,1.0,True,8.090093000000001
2025-06-10 07:00:00,0.2,0.0,1,KBC-BOTTOM,147.0926,0.0,0.05500000000000001,0.1,1.0,True,8.090093000000001
2025-06-11 07:00:00,0.2,0.002,1,KBC-BOTTOM,147.0955,0.0,0.05500000000000001,0.1,1.0,True,8.0902525
2025-06-12 07:00:00,0.2,0.116,1,KBC-BOTTOM,147.2661,0.0,0.05500000000000001,0.1,1.0,True,8.099635500000002
2025-06-13 07:00:00,0.2,0.946,1,KBC-BOTTOM,148.6593,0.0,0.05500000000000001,0.1,1.0,True,8.1762615
2025-06-16 07:00:00,0.2,0.792,1,"KBC-BOTTOM, ANV-MOMENTUM",149.8367,0.0,0.05500000000000001,0.1,1.0,True,8.241018500000001
2025-06-17 07:00:00,0.2,0.984,1,"KBC-BOTTOM, ANV-MOMENTUM",151.311,0.0,0.05500000000000001,0.1,1.0,True,8.322105000000002
2025-06-18 07:00:00,0.2,1.178,1,"KBC-BOTTOM, ANV-MOMENTUM",153.0935,0.0,0.05500000000000001,0.1,1.0,True,8.4201425
2025-06-19 07:00:00,0.2,0.628,1,"LPB-BOTTOM, ANV-MOMENTUM, CTR-BOTTOM",154.0549,0.0,0.05500000000000001,0.1,1.0,True,8.473019500000001
2025-06-20 07:00:00,0.2,1.576,1,"ANV-MOMENTUM, CTR-BOTTOM",156.4828,0.0,0.05500000000000001,0.1,1.0,True,8.606554000000001
2025-06-23 07:00:00,0.2,1.658,1,"VHM-BOTTOM, ANV-MOMENTUM, CTR-BOTTOM",159.0773,0.0,0.05500000000000001,0.1,1.0,True,8.749251500000002
2025-06-24 07:00:00,0.2,1.638,1,"VHM-BOTTOM, ANV-MOMENTUM, CTR-BOTTOM",161.683,0.0,0.05500000000000001,0.1,1.0,True,8.892565000000001
2025-06-25 07:00:00,0.2,1.556,1,"VHM-BOTTOM, ANV-MOMENTUM, KBC-MOMENTUM, CTR-BOTTOM",164.1988,0.0,0.05500000000000001,0.1,1.0,True,9.030934000000002
2025-06-26 07:00:00,0.2,0.868,1,"LPB-BOTTOM, VHM-BOTTOM, ANV-MOMENTUM, KBC-MOMENTUM, CTR-BOTTOM",165.624,0.0,0.05500000000000001,0.1,1.0,True,9.10932
2025-06-27 07:00:00,0.2,0.224,1,"LPB-BOTTOM, KBC-MOMENTUM",165.995,0.0,0.05500000000000001,0.1,1.0,True,9.129725000000002
2025-06-30 07:00:00,0.2,0.082,1,"LPB-BOTTOM, KBC-MOMENTUM, CTR-BOTTOM",166.1311,0.0,0.05500000000000001,0.1,1.0,True,9.137210500000002
2025-07-01 07:00:00,0.2,0.568,1,"LPB-BOTTOM, KBC-MOMENTUM, CTR-BOTTOM",167.0748,0.0,0.05500000000000001,0.1,1.0,True,9.189114000000002
2025-07-02 07:00:00,0.2,0.31,1,"LPB-BOTTOM, KBC-MOMENTUM, CTR-BOTTOM",167.5927,0.0,0.05500000000000001,0.1,1.0,True,9.217598500000001
2025-07-03 07:00:00,0.2,0.332,1,"LPB-BOTTOM, KBC-MOMENTUM, CTR-BOTTOM",168.1491,0.0,0.05500000000000001,0.1,1.0,True,9.248200500000001
2025-07-04 07:00:00,0.2,0.058,1,"LPB-BOTTOM, KBC-MOMENTUM, CTR-BOTTOM",168.2466,0.0,0.05500000000000001,0.1,1.0,True,9.253563000000002
2025-07-07 07:00:00,0.2,0.062,1,"LPB-BOTTOM, KBC-MOMENTUM, CTR-BOTTOM",168.3509,0.0,0.05500000000000001,0.1,1.0,True,9.259299500000001
2025-07-08 07:00:00,0.2,-0.262,0,"LPB-BOTTOM, CTR-MOMENTUM, KBC-MOMENTUM, CTR-BOTTOM",167.9099,-0.262,0.05500000000000001,0.1,1.0,True,9.2350445
2025-07-09 07:00:00,0.2,0.028,1,"LPB-BOTTOM, KBC-MOMENTUM, CTR-BOTTOM",167.9569,-0.234,0.05500000000000001,0.1,1.0,True,9.2376295
2025-07-10 07:00:00,0.2,0.024,1,"LPB-BOTTOM, KBC-MOMENTUM, CTR-BOTTOM, DGW-MOMENTUM",167.9972,-0.21,0.05500000000000001,0.1,1.0,True,9.239846
2025-07-11 07:00:00,0.2,0.464,1,"LPB-BOTTOM, KBC-MOMENTUM, CTR-BOTTOM, DGW-MOMENTUM",168.7767,0.0,0.05500000000000001,0.1,1.0,True,9.282718500000001
2025-07-14 07:00:00,0.2,-0.138,0,"LPB-BOTTOM, CTR-MOMENTUM, KBC-MOMENTUM, CTR-BOTTOM",168.5438,-0.138,0.05500000000000001,0.1,1.0,True,9.269909000000002
2025-07-15 07:00:00,0.2,0.268,1,"LPB-BOTTOM, KBC-MOMENTUM, CTR-BOTTOM",168.9955,0.0,0.05500000000000001,0.1,1.0,True,9.294752500000001
2025-07-16 07:00:00,0.2,-0.036,0,"LPB-BOTTOM, KBC-MOMENTUM, CTR-BOTTOM",168.9346,-0.036,0.05500000000000001,0.1,1.0,True,9.291403
2025-07-17 07:00:00,0.2,0.306,1,"LPB-BOTTOM, ANV-MOMENTUM, KBC-MOMENTUM",169.4516,0.0,0.05500000000000001,0.1,1.0,True,9.319838000000003
2025-07-18 07:00:00,0.2,0.606,1,"LPB-BOTTOM, ANV-MOMENTUM, KBC-MOMENTUM",170.4785,0.0,0.05500000000000001,0.1,1.0,True,9.3763175
2025-07-21 07:00:00,0.2,0.8,1,"LPB-BOTTOM, ANV-MOMENTUM",171.8423,0.0,0.05500000000000001,0.1,1.0,True,9.4513265
2025-07-22 07:00:00,0.2,-0.524,0,"LPB-BOTTOM, ANV-MOMENTUM, KBC-MOMENTUM",170.9418,-0.524,0.05500000000000001,0.1,1.0,True,9.401799
2025-07-23 07:00:00,0.2,-0.47,0,"LPB-BOTTOM, ANV-MOMENTUM, KBC-MOMENTUM",170.1384,-0.992,0.05500000000000001,0.1,1.0,True,9.357612000000001
2025-07-24 07:00:00,0.2,0.598,1,"LPB-BOTTOM, KBC-MOMENTUM",171.1558,-0.399,0.05500000000000001,0.1,1.0,True,9.413569
2025-07-25 07:00:00,0.2,-0.226,0,"LPB-BOTTOM, ANV-MOMENTUM, KBC-MOMENTUM",170.769,-0.625,0.05500000000000001,0.1,1.0,True,9.392295
2025-07-28 07:00:00,0.2,-0.236,0,"LPB-BOTTOM, ANV-MOMENTUM, KBC-MOMENTUM",170.366,-0.859,0.05500000000000001,0.1,1.0,True,9.370130000000001
2025-07-29 07:00:00,0.2,2.22,1,KBC-MOMENTUM,174.1481,0.0,0.05500000000000001,0.1,1.0,True,9.578145500000002
2025-07-30 07:00:00,0.2,1.732,1,"VRE-BOTTOM, KBC-MOMENTUM",177.1644,0.0,0.05500000000000001,0.1,1.0,True,9.744042000000002
2025-07-31 07:00:00,0.2,1.836,1,"VRE-BOTTOM, VHM-BOTTOM, ANV-MOMENTUM, KBC-MOMENTUM",180.4171,0.0,0.05500000000000001,0.1,1.0,True,9.922940500000001
2025-08-01 07:00:00,0.2,0.794,1,"VHM-BOTTOM, VRE-BOTTOM, LPB-BOTTOM, KBC-MOMENTUM",181.8496,0.0,0.05500000000000001,0.1,1.0,True,10.001728000000002
2025-08-04 07:00:00,0.2,0.584,1,"VHM-BOTTOM, KBC-MOMENTUM",182.9116,0.0,0.05500000000000001,0.1,1.0,True,10.060138
2025-08-05 07:00:00,0.2,1.354,1,"LPB-BOTTOM, ANV-MOMENTUM, KBC-MOMENTUM",185.3883,0.0,0.05500000000000001,0.1,1.0,True,10.1963565
2025-08-06 07:00:00,0.2,0.386,1,"LPB-BOTTOM, VHM-BOTTOM, ANV-MOMENTUM",186.1039,0.0,0.05500000000000001,0.1,1.0,True,10.235714500000002
2025-08-07 07:00:00,0.2,-0.652,0,"VHM-BOTTOM, ANV-MOMENTUM",184.8905,-0.652,0.05500000000000001,0.1,1.0,True,10.168977500000002
2025-08-08 07:00:00,0.2,-0.46,0,"VHM-BOTTOM, ANV-MOMENTUM, KBC-MOMENTUM, DGW-MOMENTUM",184.04,-1.109,0.05500000000000001,0.1,1.0,True,10.122200000000001
2025-08-11 07:00:00,0.2,-0.016,0,"VRE-BOTTOM, VHM-BOTTOM, ANV-MOMENTUM, KBC-MOMENTUM, DGW-MOMENTUM",184.0105,-1.125,0.05500000000000001,0.1,1.0,True,10.120577500000001
2025-08-12 07:00:00,0.2,0.99,1,"LPB-BOTTOM, VRE-BOTTOM, VHM-BOTTOM, ANV-MOMENTUM, KBC-MOMENTUM",185.8322,-0.146,0.05500000000000001,0.1,1.0,True,10.220771000000001
2025-08-13 07:00:00,0.2,1.61,1,"LPB-BOTTOM, VHM-BOTTOM, VRE-BOTTOM, ANV-MOMENTUM, KBC-MOMENTUM",188.8241,0.0,0.05500000000000001,0.1,1.0,True,10.3853255
2025-08-14 07:00:00,0.2,2.508,1,"LPB-BOTTOM, VHM-BOTTOM",193.5598,0.0,0.05500000000000001,0.1,1.0,True,10.645789
2025-08-15 07:00:00,0.2,2.328,1,"LPB-BOTTOM, VHM-BOTTOM",198.0659,0.0,0.05500000000000001,0.1,1.0,True,10.893624500000001
2025-08-18 07:00:00,0.2,0.818,1,"LPB-BOTTOM, VHM-BOTTOM, ANV-MOMENTUM, KBC-MOMENTUM",199.6861,0.0,0.05500000000000001,0.1,1.0,True,10.982735500000002
2025-08-19 07:00:00,0.2,0.736,1,"VHM-BOTTOM, ANV-MOMENTUM",201.1558,0.0,0.05500000000000001,0.1,1.0,True,11.063569000000001
2025-08-20 07:00:00,0.2,-0.494,0,ANV-MOMENTUM,200.1621,-0.494,0.05500000000000001,0.1,1.0,True,11.008915500000002
2025-08-25 07:00:00,0.2,0.328,1,"VHM-BOTTOM, VRE-BOTTOM, KBC-MOMENTUM",200.8186,-0.168,0.05500000000000001,0.1,1.0,True,11.045023000000002
2025-08-26 07:00:00,0.2,0.016,1,KBC-MOMENTUM,200.8507,-0.152,0.05500000000000001,0.1,1.0,True,11.046788500000002
2025-08-27 07:00:00,0.2,-0.11,0,"LPB-BOTTOM, VRE-BOTTOM",200.6298,-0.261,0.05500000000000001,0.1,1.0,True,11.034639
2025-08-28 07:00:00,0.2,-0.94,0,"LPB-BOTTOM, KBC-MOMENTUM",198.7439,-1.199,0.05500000000000001,0.1,1.0,True,10.930914500000002
2025-08-29 07:00:00,0.2,-0.41,0,"LPB-BOTTOM, ANV-MOMENTUM",197.929,-1.604,0.05500000000000001,0.1,1.0,True,10.886095000000001
2025-09-03 07:00:00,0.2,-0.682,0,"LPB-BOTTOM, VNM-BOTTOM, ANV-MOMENTUM, KBC-MOMENTUM",196.5791,-2.275,0.05500000000000001,0.1,1.0,True,10.811850500000002
2025-09-04 07:00:00,0.2,-0.55,0,"LPB-BOTTOM, ANV-MOMENTUM, KBC-MOMENTUM",195.498,-2.813,0.05500000000000001,0.1,1.0,True,10.75239
2025-09-05 07:00:00,0.2,-0.236,0,"LPB-BOTTOM, VNM-BOTTOM, ANV-MOMENTUM, KBC-MOMENTUM, VCI-MOMENTUM",195.0366,-3.042,0.05500000000000001,0.1,1.0,True,10.727013000000001
2025-09-08 07:00:00,0.2,0.466,1,"LPB-BOTTOM, VRE-BOTTOM, VNM-BOTTOM",195.9454,-2.59,0.05500000000000001,0.1,1.0,True,10.776997000000001
2025-09-09 07:00:00,0.2,0.676,1,"VNM-BOTTOM, ANV-MOMENTUM",197.27,-1.932,0.05500000000000001,0.1,1.0,True,10.849850000000002
2025-09-10 07:00:00,0.2,0.924,1,"VNM-BOTTOM, ANV-MOMENTUM",199.0928,-1.026,0.05500000000000001,0.1,1.0,True,10.950104000000001
2025-09-11 07:00:00,0.2,-0.62,0,ANV-MOMENTUM,197.8584,-1.639,0.05500000000000001,0.1,1.0,True,10.882212
2025-09-12 07:00:00,0.2,-0.566,0,"STB-BOTTOM, ANV-MOMENTUM",196.7386,-2.196,0.05500000000000001,0.1,1.0,True,10.820623000000001
2025-09-15 07:00:00,0.2,-1.554,0,"ANV-MOMENTUM, CTR-BOTTOM",193.6812,-3.716,0.05500000000000001,0.1,1.0,True,10.652466
2025-09-16 07:00:00,0.2,-0.602,0,"ANV-MOMENTUM, CTR-BOTTOM",192.5153,-4.295,0.05500000000000001,0.1,1.0,True,10.588341500000002
2025-09-17 07:00:00,0.2,-0.558,0,"KBC-BOTTOM, VRE-BOTTOM, VHM-BOTTOM, ANV-MOMENTUM, CTR-BOTTOM",191.441,-4.829,0.05500000000000001,0.1,1.0,True,10.529255000000001
2025-09-18 07:00:00,0.2,-0.486,0,"KBC-BOTTOM, VRE-BOTTOM, VHM-BOTTOM, CTR-BOTTOM",190.5106,-5.292,0.05500000000000001,0.1,1.0,True,10.478083000000002
2025-09-19 07:00:00,0.2,-0.134,0,"KBC-BOTTOM, VRE-BOTTOM, VHM-BOTTOM, CTR-MOMENTUM, CTR-BOTTOM",190.2554,-5.419,0.05500000000000001,0.1,1.0,True,10.464047000000003
2025-09-22 07:00:00,0.2,0.388,1,"VRE-BOTTOM, STB-BOTTOM, VHM-BOTTOM, KBC-BOTTOM",190.9936,-5.052,0.05500000000000001,0.1,1.0,True,10.504648000000001
2025-09-23 07:00:00,0.2,0.858,1,"VRE-BOTTOM, LPB-BOTTOM, VHM-BOTTOM, STB-BOTTOM, KBC-BOTTOM",192.6323,-4.237,0.05500000000000001,0.1,1.0,True,10.5947765
2025-09-24 07:00:00,0.2,0.992,1,"VRE-BOTTOM, LPB-BOTTOM, VHM-BOTTOM, KBC-BOTTOM",194.5432,-3.287,0.05500000000000001,0.1,1.0,True,10.699876000000001
2025-09-25 07:00:00,0.2,0.318,1,"VRE-BOTTOM, LPB-BOTTOM, VHM-BOTTOM, KBC-BOTTOM",195.1618,-2.98,0.05500000000000001,0.1,1.0,True,10.733899000000001
2025-09-26 07:00:00,0.2,0.25,1,"VRE-BOTTOM, VHM-BOTTOM, CTR-BOTTOM",195.6497,-2.737,0.05500000000000001,0.1,1.0,True,10.7607335
2025-09-29 07:00:00,0.2,0.652,1,"VRE-BOTTOM, VHM-BOTTOM, CTR-BOTTOM",196.9254,-2.103,0.05500000000000001,0.1,1.0,True,10.830897000000002
2025-09-30 07:00:00,0.2,0.3,1,"VHM-BOTTOM, ANV-MOMENTUM",197.5162,-1.809,0.05500000000000001,0.1,1.0,True,10.863391000000002
2025-10-01 07:00:00,0.2,1.62,1,"VHM-BOTTOM, ANV-MOMENTUM",200.7159,-0.219,0.05500000000000001,0.1,1.0,True,11.039374500000001
2025-10-02 07:00:00,0.2,1.47,1,"VHM-BOTTOM, KBC-BOTTOM, VNM-BOTTOM, ANV-MOMENTUM",203.6664,0.0,0.05500000000000001,0.1,1.0,True,11.201652000000003
2025-10-03 07:00:00,0.2,1.548,1,"VHM-BOTTOM, KBC-BOTTOM, VNM-BOTTOM, ANV-MOMENTUM",206.8192,0.0,0.05500000000000001,0.1,1.0,True,11.375056
2025-10-06 07:00:00,0.2,1.774,1,"VHM-BOTTOM, VNM-BOTTOM, ANV-MOMENTUM",210.4882,0.0,0.05500000000000001,0.1,1.0,True,11.576851000000001
2025-10-07 07:00:00,0.2,1.976,1,"VHM-BOTTOM, VNM-BOTTOM, ANV-MOMENTUM",214.6474,0.0,0.05500000000000001,0.1,1.0,True,11.805607000000002
2025-10-08 07:00:00,0.2,0.626,1,"VHM-BOTTOM, LPB-BOTTOM, ANV-MOMENTUM",215.9911,0.0,0.05500000000000001,0.1,1.0,True,11.8795105
2025-10-09 07:00:00,0.2,-0.784,0,"LPB-BOTTOM, ANV-MOMENTUM",214.2977,-0.784,0.05500000000000001,0.1,1.0,True,11.786373500000002
2025-10-10 07:00:00,0.2,-0.824,0,"LPB-BOTTOM, ANV-MOMENTUM",212.5319,-1.602,0.05500000000000001,0.1,1.0,True,11.689254500000002
2025-10-13 07:00:00,0.2,-2.192,0,"LPB-BOTTOM, ANV-MOMENTUM",207.8732,-3.758,0.05500000000000001,0.1,1.0,True,11.433026000000002
2025-10-14 07:00:00,0.2,-0.896,0,"LPB-BOTTOM, ANV-MOMENTUM",206.0107,-4.621,0.05500000000000001,0.1,1.0,True,11.330588500000003
2025-10-15 07:00:00,0.2,-0.82,0,LPB-BOTTOM,204.3214,-5.403,0.05500000000000001,0.1,1.0,True,11.237677000000001
2025-10-16 07:00:00,0.2,-0.16,0,LPB-BOTTOM,203.9945,-5.554,0.05500000000000001,0.1,1.0,True,11.2196975
2025-10-20 07:00:00,0.2,-0.046,0,"STB-BOTTOM, VHM-BOTTOM, VNM-BOTTOM",203.9006,-5.598,0.05500000000000001,0.1,1.0,True,11.214533000000001
2025-10-21 07:00:00,0.2,0.366,1,"STB-BOTTOM, VNM-BOTTOM, CTR-BOTTOM",204.6469,-5.252,0.05500000000000001,0.1,1.0,True,11.255579500000001
2025-10-22 07:00:00,0.2,0.656,1,"STB-BOTTOM, VNM-BOTTOM, CTR-BOTTOM",205.9894,-4.631,0.05500000000000001,0.1,1.0,True,11.329417000000001
2025-10-23 07:00:00,0.2,0.58,1,"STB-BOTTOM, VNM-BOTTOM, ANV-MOMENTUM, CTR-BOTTOM",207.1841,-4.077,0.05500000000000001,0.1,1.0,True,11.3951255
2025-10-24 07:00:00,0.2,-0.126,0,"STB-BOTTOM, PET-BOTTOM, VNM-BOTTOM, CTR-BOTTOM",206.9231,-4.198,0.05500000000000001,0.1,1.0,True,11.380770500000002
2025-10-27 07:00:00,0.2,-0.728,0,"PET-BOTTOM, STB-BOTTOM, VHM-BOTTOM, VNM-BOTTOM, CTR-BOTTOM",205.4167,-4.896,0.05500000000000001,0.1,1.0,True,11.297918500000002
2025-10-28 07:00:00,0.2,-1.068,0,"PET-BOTTOM, STB-BOTTOM, VHM-BOTTOM, VRE-BOTTOM, VNM-BOTTOM",203.2228,-5.911,0.05500000000000001,0.1,1.0,True,11.177254000000001
2025-10-29 07:00:00,0.2,-1.002,0,"LPB-BOTTOM, STB-BOTTOM, VRE-BOTTOM, VNM-BOTTOM, CTR-BOTTOM",201.1865,-6.854,0.05500000000000001,0.1,1.0,True,11.065257500000001
2025-10-30 07:00:00,0.2,-1.146,0,"VRE-BOTTOM, STB-BOTTOM, VNM-BOTTOM, CTR-BOTTOM",198.8809,-7.922,0.05500000000000001,0.1,1.0,True,10.9384495
2025-10-31 07:00:00,0.2,-1.098,0,"STB-BOTTOM, VNM-BOTTOM, CTR-MOMENTUM, CTR-BOTTOM",196.6972,-8.933,0.05500000000000001,0.1,1.0,True,10.818346000000002
2025-11-03 07:00:00,0.2,-0.88,0,"STB-BOTTOM, VNM-BOTTOM, CTR-BOTTOM, DGW-MOMENTUM",194.9663,-9.734,0.05500000000000001,0.1,1.0,True,10.7231465
2025-11-04 07:00:00,0.2,-1.046,0,"VRE-BOTTOM, STB-BOTTOM, VNM-BOTTOM, KBC-MOMENTUM, CTR-BOTTOM",192.9269,-10.678,0.05500000000000001,0.1,1.0,True,10.610979500000001
2025-11-05 07:00:00,0.2,-0.248,0,"STB-BOTTOM, VNM-BOTTOM, CTR-BOTTOM",192.4485,-10.9,0.05500000000000001,0.1,1.0,True,10.584667500000002
2025-11-06 07:00:00,0.2,-0.004,0,"PET-BOTTOM, STB-BOTTOM, VNM-BOTTOM, KBC-MOMENTUM, CTR-BOTTOM",192.4408,-10.903,0.05500000000000001,0.1,1.0,True,10.584244000000002
2025-11-07 07:00:00,0.2,1.09,1,"PET-BOTTOM, CTR-BOTTOM",194.5384,-9.932,0.05500000000000001,0.1,1.0,True,10.699612000000002
2025-11-10 07:00:00,0.2,0.464,1,PET-BOTTOM,195.4411,-9.514,0.05500000000000001,0.1,1.0,True,10.749260500000002
2025-11-11 07:00:00,0.2,0.074,1,"PET-BOTTOM, STB-BOTTOM, CTR-BOTTOM",195.5857,-9.447,0.05500000000000001,0.1,1.0,True,10.757213500000002
2025-11-12 07:00:00,0.2,-0.248,0,"PET-BOTTOM, STB-BOTTOM, VRE-BOTTOM, CTR-MOMENTUM, CTR-BOTTOM",195.1006,-9.672,0.05500000000000001,0.1,1.0,True,10.730533000000001
2025-11-13 07:00:00,0.2,-0.192,0,"STB-BOTTOM, PET-BOTTOM, CTR-BOTTOM",194.726,-9.845,0.05500000000000001,0.1,1.0,True,10.709930000000002
2025-11-14 07:00:00,0.2,0.69,1,"STB-BOTTOM, VRE-BOTTOM, CTR-BOTTOM, DGW-MOMENTUM",196.0696,-9.223,0.05500000000000001,0.1,1.0,True,10.783828000000002
2025-11-17 07:00:00,0.2,0.996,1,"VHM-BOTTOM, VRE-BOTTOM, STB-BOTTOM",198.0225,-8.319,0.05500000000000001,0.1,1.0,True,10.891237500000003
2025-11-18 07:00:00,0.2,-0.156,0,"VHM-BOTTOM, VRE-BOTTOM, STB-BOTTOM, PET-BOTTOM, ANV-MOMENTUM",197.7136,-8.462,0.05500000000000001,0.1,1.0,True,10.874248000000001
2025-11-19 07:00:00,0.2,0.28,1,"VRE-BOTTOM, VHM-BOTTOM, STB-BOTTOM, PET-BOTTOM, ANV-MOMENTUM",198.2672,-8.206,0.05500000000000001,0.1,1.0,True,10.904696000000001
2025-11-20 07:00:00,0.2,0.154,1,"VRE-BOTTOM, VHM-BOTTOM, STB-BOTTOM, ANV-MOMENTUM, KBC-MOMENTUM",198.5725,-8.064,0.05500000000000001,0.1,1.0,True,10.921487500000001
2025-11-21 07:00:00,0.2,-0.374,0,"VHM-BOTTOM, STB-BOTTOM, ANV-MOMENTUM, KBC-MOMENTUM",197.8299,-8.408,0.05500000000000001,0.1,1.0,True,10.880644500000002
2025-11-24 07:00:00,0.2,0.022,1,"PET-BOTTOM, VHM-BOTTOM, STB-BOTTOM, ANV-MOMENTUM",197.8734,-8.388,0.05500000000000001,0.1,1.0,True,10.883037000000002
2025-11-25 07:00:00,0.2,0.356,1,"PET-BOTTOM, VHM-BOTTOM, STB-BOTTOM, KBC-MOMENTUM",198.5778,-8.062,0.05500000000000001,0.1,1.0,True,10.921779
2025-11-26 07:00:00,0.2,0.386,1,"PET-BOTTOM, VHM-BOTTOM, STB-BOTTOM, KBC-MOMENTUM",199.3443,-7.707,0.05500000000000001,0.1,1.0,True,10.9639365
2025-11-27 07:00:00,0.2,-0.244,0,KBC-MOMENTUM,198.8579,-7.932,0.05500000000000001,0.1,1.0,True,10.9371845
2025-11-28 07:00:00,0.2,0.664,1,"PET-BOTTOM, KBC-MOMENTUM",200.1783,-7.321,0.05500000000000001,0.1,1.0,True,11.009806500000002
2025-12-01 07:00:00,0.2,0.898,1,"PET-BOTTOM, STB-BOTTOM",201.9759,-6.489,0.05500000000000001,0.1,1.0,True,11.108674500000001
2025-12-02 07:00:00,0.2,-0.158,0,"PET-BOTTOM, STB-BOTTOM",201.6568,-6.637,0.05500000000000001,0.1,1.0,True,11.091124000000002
2025-12-04 07:00:00,0.2,-1.37,0,PET-BOTTOM,198.8941,-7.916,0.05500000000000001,0.1,1.0,True,10.939175500000001
2025-12-05 07:00:00,0.2,-2.966,0,PET-BOTTOM,192.9949,-10.647,0.05500000000000001,0.1,1.0,True,10.614719500000001
2025-12-08 07:00:00,0.2,-0.94,0,STB-BOTTOM,191.1808,-11.487,0.05500000000000001,0.1,1.0,True,10.514944000000002
2025-12-09 07:00:00,0.2,-1.954,0,"STB-BOTTOM, PET-BOTTOM",187.4451,-13.216,0.05500000000000001,0.1,1.0,True,10.309480500000001
2025-12-10 07:00:00,0.2,-0.79,0,"KBC-BOTTOM, VRE-BOTTOM, STB-BOTTOM, PET-BOTTOM",185.9643,-13.902,0.05500000000000001,0.1,1.0,True,10.228036500000002
2025-12-11 07:00:00,0.2,-0.474,0,"VRE-BOTTOM, STB-BOTTOM, PET-BOTTOM, VHM-BOTTOM",185.0828,-14.31,0.05500000000000001,0.1,1.0,True,10.179554000000001
2025-12-12 07:00:00,0.2,1.098,1,"STB-BOTTOM, KBC-BOTTOM, VNM-BOTTOM",187.115,-13.369,0.05500000000000001,0.1,1.0,True,10.291325000000002
2025-12-15 07:00:00,0.2,1.886,1,"VRE-BOTTOM, STB-BOTTOM, KBC-BOTTOM",190.644,-11.735,0.05500000000000001,0.1,1.0,True,10.485420000000001
2025-12-16 07:00:00,0.2,3.314,1,"STB-BOTTOM, VRE-BOTTOM",196.9619,-8.81,0.05500000000000001,0.1,1.0,True,10.832904500000001
2025-12-17 07:00:00,0.2,2.522,1,"STB-BOTTOM, VRE-BOTTOM, PET-BOTTOM",201.9293,-6.51,0.05500000000000001,0.1,1.0,True,11.106111500000003
2025-12-18 07:00:00,0.2,1.746,1,"STB-BOTTOM, VRE-BOTTOM, PET-BOTTOM",205.455,-4.878,0.05500000000000001,0.1,1.0,True,11.300025000000002
2025-12-19 07:00:00,0.2,0.562,1,"PET-BOTTOM, VHM-BOTTOM, VRE-BOTTOM, VNM-BOTTOM",206.6097,-4.343,0.05500000000000001,0.1,1.0,True,11.3635335
2025-12-22 07:00:00,0.2,0.748,1,"PET-BOTTOM, VHM-BOTTOM, VRE-BOTTOM, VNM-BOTTOM",208.1551,-3.628,0.05500000000000001,0.1,1.0,True,11.448530500000002
2025-12-23 07:00:00,0.2,0.034,1,"VNM-BOTTOM, VCI-MOMENTUM",208.2259,-3.595,0.05500000000000001,0.1,1.0,True,11.452424500000001
2025-12-24 07:00:00,0.2,-0.258,0,VNM-BOTTOM,207.6887,-3.844,0.05500000000000001,0.1,1.0,True,11.422878500000001
2025-12-25 07:00:00,0.2,1.266,1,"VHM-BOTTOM, VRE-BOTTOM, PET-BOTTOM, VNM-BOTTOM",210.318,-2.627,0.05500000000000001,0.1,1.0,True,11.567490000000003
2025-12-26 07:00:00,0.2,2.284,1,"VHM-BOTTOM, VRE-BOTTOM, PET-BOTTOM, VNM-BOTTOM",215.1217,-0.403,0.05500000000000001,0.1,1.0,True,11.831693500000002
2025-12-29 07:00:00,0.2,-0.6,0,"PET-BOTTOM, VNM-BOTTOM",213.8309,-1.0,0.05500000000000001,0.1,1.0,True,11.760699500000003
2025-12-30 07:00:00,0.2,0.208,1,"PET-BOTTOM, VNM-BOTTOM, CTR-BOTTOM",214.2757,-0.794,0.05500000000000001,0.1,1.0,True,11.785163500000001
2025-12-31 07:00:00,0.2,0.38,1,"PET-BOTTOM, VNM-BOTTOM, KBC-MOMENTUM, CTR-BOTTOM",215.0899,-0.417,0.05500000000000001,0.1,1.0,True,11.829944500000002
2026-01-05 07:00:00,0.2,2.59,1,"KBC-MOMENTUM, CTR-BOTTOM",220.6608,0.0,0.05500000000000001,0.1,1.0,True,12.136344000000001
2026-01-06 07:00:00,0.2,2.056,1,"VNM-BOTTOM, CTR-MOMENTUM, KBC-MOMENTUM, CTR-BOTTOM",225.1976,0.0,0.05500000000000001,0.1,1.0,True,12.385868000000002
2026-01-07 07:00:00,0.2,2.046,1,"VNM-BOTTOM, KBC-MOMENTUM, CTR-BOTTOM",229.8051,0.0,0.05500000000000001,0.1,1.0,True,12.639280500000002
2026-01-08 07:00:00,0.2,1.828,1,"VNM-BOTTOM, KBC-MOMENTUM, CTR-BOTTOM, DGW-MOMENTUM",234.0059,0.0,0.05500000000000001,0.1,1.0,True,12.870324500000002
2026-01-09 07:00:00,0.2,1.138,1,"VNM-BOTTOM, KBC-MOMENTUM",236.6689,0.0,0.05500000000000001,0.1,1.0,True,13.016789500000002
2026-01-12 07:00:00,0.2,1.706,1,"PET-BOTTOM, VNM-BOTTOM, KBC-MOMENTUM",240.7065,0.0,0.05500000000000001,0.1,1.0,True,13.238857500000002
2026-01-13 07:00:00,0.2,-0.374,0,"VRE-BOTTOM, KBC-MOMENTUM",239.8063,-0.374,0.05500000000000001,0.1,1.0,True,13.189346500000001
2026-01-14 07:00:00,0.2,0.49,1,"STB-BOTTOM, VRE-BOTTOM, VHM-BOTTOM, KBC-MOMENTUM",240.9813,0.0,0.05500000000000001,0.1,1.0,True,13.253971500000002
2026-01-15 07:00:00,0.2,0.118,1,"VRE-BOTTOM, VHM-BOTTOM, KBC-MOMENTUM, VCI-MOMENTUM",241.2657,0.0,0.05500000000000001,0.1,1.0,True,13.269613500000002
2026-01-16 07:00:00,0.2,-0.164,0,"VRE-BOTTOM, VHM-BOTTOM",240.87,-0.164,0.05500000000000001,0.1,1.0,True,13.247850000000001
2026-01-19 07:00:00,0.2,-1.604,0,"VRE-BOTTOM, PET-BOTTOM, ANV-MOMENTUM, KBC-MOMENTUM",237.0064,-1.765,0.05500000000000001,0.1,1.0,True,13.035352000000003
2026-01-20 07:00:00,0.2,-0.886,0,"STB-BOTTOM, VRE-BOTTOM, VHM-BOTTOM, PET-BOTTOM, ANV-MOMENTUM",234.9066,-2.636,0.05500000000000001,0.1,1.0,True,12.919863000000001
2026-01-21 07:00:00,0.2,-1.99,0,"VRE-BOTTOM, PET-BOTTOM, VHM-BOTTOM, KBC-MOMENTUM, CTR-BOTTOM",230.2319,-4.573,0.05500000000000001,0.1,1.0,True,12.662754500000002
2026-01-22 07:00:00,0.2,-1.128,0,"LPB-BOTTOM, VRE-BOTTOM, PET-BOTTOM, VHM-BOTTOM, ANV-MOMENTUM",227.6349,-5.65,0.05500000000000001,0.1,1.0,True,12.5199195
2026-01-23 07:00:00,0.2,-0.94,0,"LPB-BOTTOM, PET-BOTTOM, VRE-BOTTOM, VHM-BOTTOM, ANV-MOMENTUM",225.4951,-6.537,0.05500000000000001,0.1,1.0,True,12.402230500000002
2026-01-26 07:00:00,0.2,-0.664,0,"VRE-BOTTOM, CTR-BOTTOM",223.9978,-7.157,0.05500000000000001,0.1,1.0,True,12.319879000000002
2026-01-27 07:00:00,0.2,0.624,1,CTR-BOTTOM,225.3956,-6.578,0.05500000000000001,0.1,1.0,True,12.396758000000002
2026-01-28 07:00:00,0.2,0.872,1,"ANV-MOMENTUM, CTR-BOTTOM",227.361,-5.763,0.05500000000000001,0.1,1.0,True,12.504855000000001
2026-01-29 07:00:00,0.2,0.276,1,"PET-BOTTOM, KBC-BOTTOM, VRE-BOTTOM, ANV-MOMENTUM",227.9886,-5.503,0.05500000000000001,0.1,1.0,True,12.539373000000001
2026-01-30 07:00:00,0.2,-0.864,0,"PET-BOTTOM, VRE-BOTTOM, ANV-MOMENTUM",226.0187,-6.32,0.05500000000000001,0.1,1.0,True,12.431028500000002
2026-02-02 07:00:00,0.2,-1.456,0,"PET-BOTTOM, ANV-MOMENTUM",222.7279,-7.684,0.05500000000000001,0.1,1.0,True,12.250034500000002
2026-02-03 07:00:00,0.2,-2.412,0,"PET-BOTTOM, ANV-MOMENTUM",217.3557,-9.91,0.05500000000000001,0.1,1.0,True,11.954563500000003
2026-02-04 07:00:00,0.2,-2.106,0,"PET-BOTTOM, ANV-MOMENTUM",212.7782,-11.808,0.05500000000000001,0.1,1.0,True,11.702801000000001
2026-02-05 07:00:00,0.2,-0.248,0,"VRE-BOTTOM, PET-BOTTOM, KBC-MOMENTUM",212.2505,-12.026,0.05500000000000001,0.1,1.0,True,11.673777500000002
2026-02-06 07:00:00,0.2,0.522,1,"PET-BOTTOM, VRE-BOTTOM, KBC-BOTTOM, VNM-BOTTOM",213.3585,-11.567,0.05500000000000001,0.1,1.0,True,11.7347175
2026-02-09 07:00:00,0.2,1.174,1,"PET-BOTTOM, VRE-BOTTOM, VNM-BOTTOM",215.8633,-10.529,0.05500000000000001,0.1,1.0,True,11.872481500000003
2026-02-10 07:00:00,0.2,1.096,1,"PET-BOTTOM, STB-BOTTOM, VRE-BOTTOM, VNM-BOTTOM",218.2291,-9.548,0.05500000000000001,0.1,1.0,True,12.002600500000002
2026-02-11 07:00:00,0.2,0.776,1,"STB-BOTTOM, PET-BOTTOM, KBC-BOTTOM, VHM-BOTTOM, VRE-BOTTOM",219.9226,-8.846,0.05500000000000001,0.1,1.0,True,12.095743
2026-02-12 07:00:00,0.2,0.878,1,"PET-BOTTOM, STB-BOTTOM, VRE-BOTTOM, VHM-BOTTOM",221.8535,-8.046,0.05500000000000001,0.1,1.0,True,12.201942500000001
2026-02-13 07:00:00,0.2,0.894,1,"PET-BOTTOM, VHM-BOTTOM, VRE-BOTTOM",223.8369,-7.224,0.05500000000000001,0.1,1.0,True,12.311029500000002
2026-02-23 07:00:00,0.2,-1.814,0,"VRE-BOTTOM, VHM-BOTTOM",219.7765,-8.907,0.05500000000000001,0.1,1.0,True,12.087707500000002
2026-02-24 07:00:00,0.2,-3.314,0,VHM-BOTTOM,212.4931,-11.926,0.05500000000000001,0.1,1.0,True,11.6871205
2026-02-25 07:00:00,0.2,-0.556,0,"PET-BOTTOM, VRE-BOTTOM, VHM-BOTTOM",211.3116,-12.415,0.05500000000000001,0.1,1.0,True,11.622138000000001
2026-02-26 07:00:00,0.2,-1.588,0,"LPB-BOTTOM, VRE-BOTTOM, VHM-BOTTOM, KBC-MOMENTUM",207.956,-13.806,0.05500000000000001,0.1,1.0,True,11.43758
2026-02-27 07:00:00,0.2,-1.774,0,"LPB-BOTTOM, VNM-BOTTOM, KBC-MOMENTUM, DGW-MOMENTUM",204.2669,-15.335,0.05500000000000001,0.1,1.0,True,11.2346795
2026-03-02 07:00:00,0.2,-2.732,0,"VHM-BOTTOM, VRE-BOTTOM, KBC-BOTTOM, VNM-BOTTOM",198.6863,-17.648,0.05500000000000001,0.1,1.0,True,10.927746500000001
2026-03-03 07:00:00,0.2,-1.634,0,"VRE-BOTTOM, KBC-BOTTOM, VNM-BOTTOM",195.4398,-18.994,0.05500000000000001,0.1,1.0,True,10.749189000000001
2026-03-04 07:00:00,0.2,-1.05,0,"KBC-BOTTOM, LPB-BOTTOM, VRE-BOTTOM, VNM-BOTTOM",193.3876,-19.845,0.05500000000000001,0.1,1.0,True,10.636318000000001
2026-03-05 07:00:00,0.2,-0.872,0,"VRE-BOTTOM, LPB-BOTTOM, VNM-BOTTOM",191.7013,-20.543,0.05500000000000001,0.1,1.0,True,10.543571500000002
2026-03-06 07:00:00,0.2,-0.16,0,"VHM-BOTTOM, KBC-BOTTOM, VRE-BOTTOM, VNM-BOTTOM",191.3946,-20.671,0.05500000000000001,0.1,1.0,True,10.526703000000001
2026-03-09 07:00:00,0.2,0.676,1,KBC-BOTTOM,192.6884,-20.134,0.05500000000000001,0.1,1.0,True,10.597862000000001
2026-03-10 07:00:00,0.2,0.092,1,"KBC-BOTTOM, VNM-BOTTOM",192.8657,-20.061,0.05500000000000001,0.1,1.0,True,10.607613500000001
2026-03-11 07:00:00,0.2,0.75,1,"PET-BOTTOM, VHM-BOTTOM, VRE-BOTTOM, KBC-BOTTOM, VNM-BOTTOM",194.3122,-19.461,0.05500000000000001,0.1,1.0,True,10.687171000000001
2026-03-12 07:00:00,0.2,1.166,1,"PET-BOTTOM, VHM-BOTTOM, VRE-BOTTOM, VNM-BOTTOM",196.5779,-18.522,0.05500000000000001,0.1,1.0,True,10.811784500000002
2026-03-13 07:00:00,0.2,-0.016,0,"PET-BOTTOM, VRE-BOTTOM, VHM-BOTTOM, KBC-BOTTOM, VNM-BOTTOM",196.5464,-18.535,0.05500000000000001,0.1,1.0,True,10.810052000000002
2026-03-16 07:00:00,0.2,-0.844,0,"PET-BOTTOM, VHM-BOTTOM, VRE-BOTTOM, KBC-BOTTOM, VNM-BOTTOM",194.8876,-19.223,0.05500000000000001,0.1,1.0,True,10.718818
2026-03-17 07:00:00,0.2,-0.686,0,"PET-BOTTOM, VHM-BOTTOM, VRE-BOTTOM, KBC-BOTTOM, VNM-BOTTOM",193.5506,-19.777,0.05500000000000001,0.1,1.0,True,10.645283000000001
2026-03-18 07:00:00,0.2,-0.398,0,"VHM-BOTTOM, VRE-BOTTOM, STB-BOTTOM, KBC-BOTTOM, VNM-BOTTOM",192.7803,-20.096,0.05500000000000001,0.1,1.0,True,10.602916500000003
2026-03-19 07:00:00,0.2,-0.928,0,"VHM-BOTTOM, VRE-BOTTOM, STB-BOTTOM, KBC-BOTTOM",190.9913,-20.838,0.05500000000000001,0.1,1.0,True,10.504521500000001
2026-03-20 07:00:00,0.2,0.276,1,"PET-BOTTOM, KBC-BOTTOM, VHM-BOTTOM, VRE-BOTTOM, STB-BOTTOM",191.5184,-20.619,0.05500000000000001,0.1,1.0,True,10.533512000000002
2026-03-23 07:00:00,0.2,0.392,1,"VHM-BOTTOM, STB-BOTTOM, VRE-BOTTOM",192.2692,-20.308,0.05500000000000001,0.1,1.0,True,10.574806000000002
2026-03-24 07:00:00,0.2,1.798,1,"PET-BOTTOM, KBC-BOTTOM, STB-BOTTOM, VRE-BOTTOM",195.7262,-18.875,0.05500000000000001,0.1,1.0,True,10.764941000000002
2026-03-25 07:00:00,0.2,0.574,1,"KBC-BOTTOM, VRE-BOTTOM, STB-BOTTOM, VNM-BOTTOM",196.8496,-18.41,0.05500000000000001,0.1,1.0,True,10.826728000000003
2026-03-26 07:00:00,0.2,0.788,1,"KBC-BOTTOM, VRE-BOTTOM, STB-BOTTOM, VNM-BOTTOM",198.4008,-17.767,0.05500000000000001,0.1,1.0,True,10.912044000000002
2026-03-27 07:00:00,0.2,-0.324,0,CTR-BOTTOM,197.758,-18.033,0.05500000000000001,0.1,1.0,True,10.876690000000002
2026-03-30 07:00:00,0.2,-0.344,0,"STB-BOTTOM, VNM-BOTTOM, CTR-BOTTOM",197.0777,-18.315,0.05500000000000001,0.1,1.0,True,10.839273500000001
2026-03-31 07:00:00,0.2,-0.276,0,"VRE-BOTTOM, STB-BOTTOM, VNM-BOTTOM, CTR-BOTTOM",196.5338,-18.541,0.05500000000000001,0.1,1.0,True,10.809359000000002
2026-04-01 07:00:00,0.2,0.832,1,"LPB-BOTTOM, STB-BOTTOM, VNM-BOTTOM, KBC-MOMENTUM, CTR-BOTTOM",198.1689,-17.863,0.05500000000000001,0.1,1.0,True,10.899289500000002
2026-04-02 07:00:00,0.2,0.712,1,"STB-BOTTOM, VNM-BOTTOM, ANV-MOMENTUM, KBC-MOMENTUM, CTR-BOTTOM",199.5799,-17.278,0.05500000000000001,0.1,1.0,True,10.976894500000002
2026-04-03 07:00:00,0.2,0.926,1,"STB-BOTTOM, VNM-BOTTOM, ANV-MOMENTUM, KBC-MOMENTUM, CTR-BOTTOM",201.428,-16.512,0.05500000000000001,0.1,1.0,True,11.078540000000002
2026-04-06 07:00:00,0.2,1.044,1,"STB-BOTTOM, VRE-BOTTOM, LPB-BOTTOM, VNM-BOTTOM",203.5309,-15.64,0.05500000000000001,0.1,1.0,True,11.194199500000002
2026-04-07 07:00:00,0.2,0.904,1,"VRE-BOTTOM, STB-BOTTOM, PET-BOTTOM, VNM-BOTTOM, ANV-MOMENTUM",205.3708,-14.878,0.05500000000000001,0.1,1.0,True,11.295394000000002
2026-04-08 07:00:00,0.2,-0.22,0,"LPB-BOTTOM, CTR-MOMENTUM, ANV-MOMENTUM, KBC-MOMENTUM, CTR-BOTTOM",204.919,-15.065,0.05500000000000001,0.1,1.0,True,11.270545000000002
2026-04-09 07:00:00,0.2,-0.032,0,"LPB-BOTTOM, CTR-MOMENTUM, ANV-MOMENTUM, KBC-MOMENTUM, CTR-BOTTOM",204.8535,-15.092,0.05500000000000001,0.1,1.0,True,11.2669425
2026-04-10 07:00:00,0.2,0.116,1,"CTR-MOMENTUM, ANV-MOMENTUM, CTR-BOTTOM",205.0911,-14.994,0.05500000000000001,0.1,1.0,True,11.280010500000001
2026-04-13 07:00:00,0.2,-0.12,0,"PET-BOTTOM, LPB-BOTTOM, ANV-MOMENTUM, CTR-BOTTOM",204.845,-15.096,0.05500000000000001,0.1,1.0,True,11.266475000000002
2026-04-14 07:00:00,0.2,-0.466,0,"LPB-BOTTOM, PET-BOTTOM, ANV-MOMENTUM, CTR-BOTTOM",203.8904,-15.491,0.05500000000000001,0.1,1.0,True,11.213972000000002
2026-04-15 07:00:00,0.2,-0.55,0,"LPB-BOTTOM, PET-BOTTOM, CTR-BOTTOM",202.769,-15.956,0.05500000000000001,0.1,1.0,True,11.152295000000002
2026-04-16 07:00:00,0.2,-0.268,0,"PET-BOTTOM, LPB-BOTTOM, VNM-BOTTOM, CTR-MOMENTUM, CTR-BOTTOM",202.2256,-16.181,0.05500000000000001,0.1,1.0,True,11.122408
2026-04-17 07:00:00,0.2,-0.452,0,"LPB-BOTTOM, PET-BOTTOM, ANV-MOMENTUM, KBC-MOMENTUM, CTR-BOTTOM",201.3115,-16.56,0.05500000000000001,0.1,1.0,True,11.0721325
2026-04-20 07:00:00,0.2,-0.49,0,"PET-BOTTOM, LPB-BOTTOM, ANV-MOMENTUM, KBC-MOMENTUM, CTR-BOTTOM",200.3251,-16.969,0.05500000000000001,0.1,1.0,True,11.0178805
2026-04-21 07:00:00,0.2,-0.39,0,"LPB-BOTTOM, PET-BOTTOM, ANV-MOMENTUM, KBC-MOMENTUM",199.5438,-17.293,0.05500000000000001,0.1,1.0,True,10.974909000000002
2026-04-22 07:00:00,0.2,-0.544,0,"LPB-BOTTOM, PET-BOTTOM, ANV-MOMENTUM, KBC-MOMENTUM, DGW-MOMENTUM",198.4583,-17.743,0.05500000000000001,0.1,1.0,True,10.915206500000002
2026-04-23 07:00:00,0.2,-0.192,0,"LPB-BOTTOM, PET-BOTTOM, CTR-BOTTOM",198.0773,-17.901,0.05500000000000001,0.1,1.0,True,10.894251500000001
2026-04-24 07:00:00,0.2,-0.644,0,"PET-BOTTOM, CTR-BOTTOM",196.8016,-18.429,0.05500000000000001,0.1,1.0,True,10.824088000000001
2026-04-28 07:00:00,0.2,-0.228,0,"PET-BOTTOM, CTR-MOMENTUM, CTR-BOTTOM",196.3529,-18.615,0.05500000000000001,0.1,1.0,True,10.799409500000001
2026-04-29 07:00:00,0.2,-0.16,0,VNM-BOTTOM,196.0388,-18.746,0.05500000000000001,0.1,1.0,True,10.782134000000003
2026-05-04 07:00:00,0.2,-0.776,0,"VNM-BOTTOM, KBC-MOMENTUM",194.5175,-19.376,0.05500000000000001,0.1,1.0,True,10.698462500000002
2026-05-05 07:00:00,0.2,-0.672,0,"VNM-BOTTOM, KBC-MOMENTUM",193.2104,-19.918,0.05500000000000001,0.1,1.0,True,10.626572000000001
2026-05-06 07:00:00,0.2,-1.176,0,"VNM-BOTTOM, KBC-MOMENTUM",190.9382,-20.86,0.05500000000000001,0.1,1.0,True,10.501601
2026-05-07 07:00:00,0.2,-0.368,0,"LPB-BOTTOM, PET-BOTTOM, VNM-BOTTOM, KBC-MOMENTUM",190.2355,-21.151,0.05500000000000001,0.1,1.0,True,10.462952500000002
2026-05-08 07:00:00,0.2,-0.218,0,"LPB-BOTTOM, PET-BOTTOM, VNM-BOTTOM",189.8208,-21.323,0.05500000000000001,0.1,1.0,True,10.440144
2026-05-11 07:00:00,0.2,-0.132,0,"LPB-BOTTOM, KBC-BOTTOM, PET-BOTTOM, VNM-BOTTOM",189.5703,-21.427,0.05500000000000001,0.1,1.0,True,10.426366500000002
2026-05-12 07:00:00,0.2,-0.696,0,"PET-BOTTOM, KBC-BOTTOM, VNM-BOTTOM",188.2509,-21.974,0.05500000000000001,0.1,1.0,True,10.353799500000001
2026-05-13 07:00:00,0.2,-0.06,0,"VHM-BOTTOM, LPB-BOTTOM, PET-BOTTOM, KBC-BOTTOM, VNM-BOTTOM",188.1379,-22.02,0.05500000000000001,0.1,1.0,True,10.347584500000002
2026-05-14 07:00:00,0.2,-0.052,0,"PET-BOTTOM, LPB-BOTTOM, VHM-BOTTOM, KBC-BOTTOM, VNM-BOTTOM",188.0401,-22.061,0.05500000000000001,0.1,1.0,True,10.3422055
2026-05-15 07:00:00,0.2,-0.112,0,"LPB-BOTTOM, PET-BOTTOM, KBC-BOTTOM, VHM-BOTTOM, VNM-BOTTOM",187.8295,-22.148,0.05500000000000001,0.1,1.0,True,10.3306225
2026-05-18 07:00:00,0.2,0.092,1,"PET-BOTTOM, LPB-BOTTOM, VHM-BOTTOM, KBC-BOTTOM, VNM-BOTTOM",188.0023,-22.077,0.05500000000000001,0.1,1.0,True,10.3401265
2026-05-19 07:00:00,0.2,0.292,1,"PET-BOTTOM, LPB-BOTTOM, KBC-BOTTOM, VNM-BOTTOM, CTR-BOTTOM",188.5512,-21.849,0.05500000000000001,0.1,1.0,True,10.370316
2026-05-20 07:00:00,0.2,-0.536,0,"PET-BOTTOM, KBC-BOTTOM, VHM-BOTTOM, VNM-BOTTOM, CTR-BOTTOM",187.5406,-22.268,0.05500000000000001,0.1,1.0,True,10.314733000000002
2026-05-21 07:00:00,0.2,-0.5,0,"PET-BOTTOM, LPB-BOTTOM, KBC-BOTTOM, VNM-BOTTOM, CTR-BOTTOM",186.6029,-22.657,0.05500000000000001,0.1,1.0,True,10.263159500000002
