time,open,high,low,close,volume
2023-12-25 07:00:00,18.34,18.65,18.34,18.55,20407300
2023-12-26 07:00:00,18.51,18.85,18.51,18.78,33743700
2023-12-27 07:00:00,18.82,18.92,18.75,18.75,19852100
2023-12-28 07:00:00,18.75,19.05,18.68,18.88,31308200
2023-12-29 07:00:00,18.88,18.98,18.78,18.88,20467100
2024-01-02 07:00:00,18.98,19.02,18.55,18.55,22187200
2024-01-03 07:00:00,18.51,18.78,18.51,18.78,18575400
2024-01-04 07:00:00,18.78,18.98,18.71,18.75,38538700
2024-01-05 07:00:00,18.75,18.85,18.61,18.78,17333400
2024-01-08 07:00:00,18.88,19.09,18.82,18.82,31243900
2024-01-09 07:00:00,18.85,18.88,18.58,18.71,28623900
2024-01-10 07:00:00,18.71,18.75,18.41,18.48,32642500
2024-01-11 07:00:00,18.55,18.68,18.51,18.58,15264900
2024-01-12 07:00:00,18.48,18.55,18.27,18.34,28626500
2024-01-15 07:00:00,18.38,18.55,18.31,18.31,12497100
2024-01-16 07:00:00,18.31,18.78,18.27,18.78,19767200
2024-01-17 07:00:00,18.82,18.88,18.68,18.68,23410200
2024-01-18 07:00:00,18.71,18.82,18.65,18.68,12639000
2024-01-19 07:00:00,18.75,18.85,18.65,18.78,14859900
2024-01-22 07:00:00,18.92,19.36,18.82,19.12,66067900
2024-01-23 07:00:00,19.22,19.26,19.09,19.15,21678300
2024-01-24 07:00:00,19.12,19.26,19.09,19.09,16136900
2024-01-25 07:00:00,19.09,19.19,18.92,19.09,15227000
2024-01-26 07:00:00,19.19,19.26,19.09,19.15,14372300
2024-01-29 07:00:00,19.15,19.19,18.92,18.92,21575000
2024-01-30 07:00:00,18.92,18.98,18.82,18.92,17529200
2024-01-31 07:00:00,18.88,18.98,18.75,18.75,24456900
2024-02-01 07:00:00,18.75,18.98,18.71,18.82,10636100
2024-02-02 07:00:00,18.71,18.98,18.71,18.85,14162200
2024-02-05 07:00:00,18.85,19.12,18.85,18.92,16231200
2024-02-06 07:00:00,19.02,19.09,18.92,18.95,14660300
2024-02-07 07:00:00,18.95,19.12,18.95,19.02,13808300
2024-02-15 07:00:00,19.12,19.52,19.09,19.39,36985800
2024-02-16 07:00:00,19.42,19.46,19.32,19.32,16718800
2024-02-19 07:00:00,19.36,19.86,19.22,19.73,42276100
2024-02-20 07:00:00,19.73,19.83,19.63,19.73,21391700
2024-02-21 07:00:00,19.66,19.69,19.39,19.46,31579600
2024-02-22 07:00:00,19.39,19.46,19.29,19.29,22413300
2024-02-23 07:00:00,19.29,19.49,19.19,19.19,27300800
2024-02-26 07:00:00,19.19,19.46,19.12,19.46,19221700
2024-02-27 07:00:00,19.52,20.57,19.46,20.5,86841500
2024-02-28 07:00:00,20.54,20.91,20.37,20.67,35201800
2024-02-29 07:00:00,20.78,21.04,20.61,20.94,33580500
2024-03-01 07:00:00,21.08,21.08,20.71,20.84,26958700
2024-03-04 07:00:00,20.94,21.21,20.74,20.81,28579500
2024-03-05 07:00:00,20.81,21.15,20.74,21.04,29917200
2024-03-06 07:00:00,21.01,21.04,20.61,20.81,28059400
2024-03-07 07:00:00,20.74,21.18,20.67,20.94,32262200
2024-03-08 07:00:00,20.94,20.98,20.44,20.47,47322200
2024-03-11 07:00:00,20.47,20.67,20.13,20.2,30415100
2024-03-12 07:00:00,20.17,20.54,20.13,20.4,30135400
2024-03-13 07:00:00,20.4,20.84,20.34,20.81,29367000
2024-03-14 07:00:00,20.88,20.88,20.44,20.5,30774000
2024-03-15 07:00:00,20.5,20.74,20.27,20.34,35823700
2024-03-18 07:00:00,20.37,20.4,19.59,20.0,50100700
2024-03-19 07:00:00,19.93,20.67,19.86,20.13,26973500
2024-03-20 07:00:00,20.17,20.34,20.1,20.27,12971200
2024-03-21 07:00:00,20.5,20.64,20.34,20.44,19972600
2024-03-22 07:00:00,20.5,20.74,20.4,20.64,37384100
2024-03-25 07:00:00,20.64,20.91,20.3,20.4,21350200
2024-03-26 07:00:00,20.4,20.64,20.34,20.64,11976300
2024-03-27 07:00:00,20.88,21.01,20.67,20.67,24329500
2024-03-28 07:00:00,20.84,20.84,20.57,20.64,19113700
2024-03-29 07:00:00,20.67,20.67,20.44,20.44,14821800
2024-04-01 07:00:00,20.4,20.5,20.23,20.34,20759400
2024-04-02 07:00:00,20.2,20.54,20.13,20.54,26298400
2024-04-03 07:00:00,20.5,20.57,20.23,20.23,21489800
2024-04-04 07:00:00,20.23,20.3,19.96,20.0,26371300
2024-04-05 07:00:00,19.9,20.1,19.76,19.9,24018800
2024-04-08 07:00:00,19.9,20.13,19.8,20.0,16708800
2024-04-09 07:00:00,20.0,20.2,19.96,20.2,9838000
2024-04-10 07:00:00,20.23,20.34,20.03,20.03,11134400
2024-04-11 07:00:00,19.9,20.37,19.9,20.2,19246200
2024-04-12 07:00:00,20.27,20.34,20.17,20.23,13916900
2024-04-15 07:00:00,20.17,20.23,18.98,19.26,31107300
2024-04-16 07:00:00,19.26,19.29,18.82,19.15,33424200
2024-04-17 07:00:00,19.26,19.29,18.85,18.92,15575000
2024-04-19 07:00:00,18.78,19.15,18.58,18.78,26138500
2024-04-22 07:00:00,19.05,19.05,18.82,18.92,12390900
2024-04-23 07:00:00,18.92,18.95,18.55,18.65,18359900
2024-04-24 07:00:00,18.85,19.56,18.75,19.46,23052000
2024-04-25 07:00:00,19.39,19.39,19.12,19.29,11236400
2024-04-26 07:00:00,19.12,19.29,18.95,19.19,18304000
2024-05-02 07:00:00,19.19,19.19,18.95,19.15,7322100
2024-05-03 07:00:00,19.15,19.66,19.15,19.36,16714800
2024-05-06 07:00:00,19.49,19.83,19.46,19.8,27108200
2024-05-07 07:00:00,19.86,20.4,19.76,20.37,30139200
2024-05-08 07:00:00,20.37,20.94,20.1,20.74,34289800
2024-05-09 07:00:00,20.88,20.88,20.3,20.57,19422700
2024-05-10 07:00:00,20.67,20.71,20.23,20.57,18981900
2024-05-13 07:00:00,20.64,20.71,20.34,20.4,13171500
2024-05-14 07:00:00,20.54,20.74,20.34,20.4,15664000
2024-05-15 07:00:00,20.44,21.18,20.44,21.08,45110300
2024-05-16 07:00:00,21.35,21.52,21.25,21.35,27403900
2024-05-17 07:00:00,21.35,21.35,21.04,21.35,28640900
2024-05-20 07:00:00,21.38,21.72,21.35,21.62,46490000
2024-05-21 07:00:00,21.62,21.62,21.25,21.52,20863500
2024-05-22 07:00:00,21.52,21.59,21.04,21.15,39782700
2024-05-23 07:00:00,21.44,21.93,21.26,21.93,37870200
2024-05-24 07:00:00,21.78,21.93,21.18,21.48,30151700
2024-05-27 07:00:00,21.48,21.78,21.3,21.48,15759100
2024-05-28 07:00:00,21.56,21.7,21.41,21.67,17564600
2024-05-29 07:00:00,21.63,21.74,21.26,21.26,21599400
2024-05-30 07:00:00,21.18,21.22,20.81,21.0,27257700
2024-05-31 07:00:00,21.11,21.41,20.85,21.26,17736800
2024-06-03 07:00:00,21.41,21.63,21.41,21.56,20634500
2024-06-04 07:00:00,21.56,22.15,21.56,21.78,39654300
2024-06-05 07:00:00,21.78,21.93,21.63,21.74,19195800
2024-06-06 07:00:00,21.74,22.04,21.48,21.78,20822600
2024-06-07 07:00:00,21.82,21.85,21.63,21.78,14882900
2024-06-10 07:00:00,21.85,21.89,21.67,21.78,20259700
2024-06-11 07:00:00,21.85,22.04,21.59,21.63,26986400
2024-06-12 07:00:00,21.56,22.0,21.56,22.0,19284400
2024-06-13 07:00:00,22.04,22.08,21.78,21.93,20548700
2024-06-14 07:00:00,21.93,22.26,21.63,21.63,34292400
2024-06-17 07:00:00,21.63,22.26,21.56,21.89,34373100
2024-06-18 07:00:00,21.93,22.08,21.85,21.85,16534100
2024-06-19 07:00:00,21.93,21.96,21.74,21.82,19178300
2024-06-20 07:00:00,21.74,21.85,21.52,21.82,27774000
2024-06-21 07:00:00,21.82,21.82,21.56,21.59,14287400
2024-06-24 07:00:00,21.56,21.63,21.0,21.33,37846100
2024-06-25 07:00:00,21.26,21.59,21.18,21.33,16655000
2024-06-26 07:00:00,21.37,21.7,21.26,21.48,19746800
2024-06-27 07:00:00,21.56,21.59,21.33,21.44,10080500
2024-06-28 07:00:00,21.37,21.48,21.04,21.04,22182300
2024-07-01 07:00:00,21.04,21.18,20.85,21.07,13557400
2024-07-02 07:00:00,21.07,21.44,21.0,21.33,21258400
2024-07-03 07:00:00,21.56,21.63,21.33,21.37,17252800
2024-07-04 07:00:00,21.44,21.59,21.26,21.33,9353000
2024-07-05 07:00:00,21.33,21.52,21.26,21.3,12362300
2024-07-08 07:00:00,21.33,21.59,21.3,21.41,18430100
2024-07-09 07:00:00,21.41,21.7,21.37,21.56,22548200
2024-07-10 07:00:00,21.63,21.93,21.52,21.52,30969800
2024-07-11 07:00:00,21.67,21.74,21.44,21.44,14512000
2024-07-12 07:00:00,21.48,21.52,21.15,21.18,18050400
2024-07-15 07:00:00,21.22,21.37,20.96,21.15,16287600
2024-07-16 07:00:00,21.18,21.3,21.11,21.15,12327400
2024-07-17 07:00:00,21.22,21.26,20.52,20.96,25546900
2024-07-18 07:00:00,20.96,21.15,20.85,21.11,20477300
2024-07-19 07:00:00,21.11,21.11,20.96,20.96,11865200
2024-07-22 07:00:00,20.89,20.96,20.63,20.85,18399400
2024-07-23 07:00:00,20.85,20.96,20.66,20.66,15056900
2024-07-24 07:00:00,20.63,20.78,20.14,20.59,19233100
2024-07-25 07:00:00,20.52,20.55,20.29,20.33,13319700
2024-07-26 07:00:00,20.33,20.55,20.33,20.4,8806900
2024-07-29 07:00:00,20.55,20.89,20.52,20.74,15443700
2024-07-30 07:00:00,20.81,20.96,20.74,20.74,15542800
2024-07-31 07:00:00,20.74,20.74,20.14,20.22,24285900
2024-08-01 07:00:00,20.44,20.55,19.77,19.85,30480400
2024-08-02 07:00:00,19.81,20.29,19.7,20.26,17545800
2024-08-05 07:00:00,19.92,19.96,19.18,19.29,45610000
2024-08-06 07:00:00,19.36,19.66,19.21,19.55,19759200
2024-08-07 07:00:00,19.66,19.66,19.29,19.36,15411700
2024-08-08 07:00:00,19.29,19.4,18.99,19.03,21915800
2024-08-09 07:00:00,19.25,19.4,19.1,19.36,12123200
2024-08-12 07:00:00,19.36,19.4,19.1,19.21,12576000
2024-08-13 07:00:00,19.25,19.29,18.73,18.88,26244600
2024-08-14 07:00:00,18.95,19.1,18.8,18.92,13691400
2024-08-15 07:00:00,18.92,18.92,18.73,18.73,16229400
2024-08-16 07:00:00,18.73,19.1,18.58,19.03,36326600
2024-08-19 07:00:00,19.18,19.59,19.1,19.21,24427500
2024-08-20 07:00:00,19.32,19.47,19.18,19.18,20447900
2024-08-21 07:00:00,19.21,19.51,19.18,19.44,24811600
2024-08-22 07:00:00,19.47,19.51,19.1,19.14,24029400
2024-08-23 07:00:00,19.14,19.36,18.88,19.36,22408300
2024-08-26 07:00:00,19.44,19.62,19.29,19.32,21643500
2024-08-27 07:00:00,19.32,19.36,19.1,19.14,12450500
2024-08-28 07:00:00,19.21,19.29,19.07,19.1,18656100
2024-08-29 07:00:00,19.18,19.29,19.03,19.03,16163400
2024-08-30 07:00:00,19.1,19.14,18.95,18.95,17965500
2024-09-04 07:00:00,18.8,18.92,18.66,18.77,19062500
2024-09-05 07:00:00,18.84,18.84,18.58,18.62,22563500
2024-09-06 07:00:00,18.62,18.88,18.4,18.88,22851500
2024-09-09 07:00:00,18.88,19.47,18.8,19.03,32645800
2024-09-10 07:00:00,19.14,19.21,18.69,18.69,15019200
2024-09-11 07:00:00,18.69,18.99,18.62,18.84,14212700
2024-09-12 07:00:00,18.88,18.99,18.66,18.66,9035800
2024-09-13 07:00:00,18.69,18.8,18.58,18.58,12428200
2024-09-16 07:00:00,18.58,18.77,18.47,18.47,14573600
2024-09-17 07:00:00,18.51,18.77,18.43,18.77,13173400
2024-09-18 07:00:00,18.77,18.84,18.66,18.66,13234500
2024-09-19 07:00:00,18.8,18.95,18.73,18.77,13677300
2024-09-20 07:00:00,18.95,19.36,18.92,19.07,44588800
2024-09-23 07:00:00,19.18,19.4,19.1,19.1,15513400
2024-09-24 07:00:00,19.1,19.21,19.07,19.21,10647000
2024-09-25 07:00:00,19.4,19.62,19.36,19.47,41009200
2024-09-26 07:00:00,19.55,19.66,19.36,19.36,21745200
2024-09-27 07:00:00,19.44,19.55,19.25,19.36,30540100
2024-09-30 07:00:00,19.47,19.77,19.44,19.59,37425200
2024-10-01 07:00:00,19.92,20.07,19.81,19.88,37852700
2024-10-02 07:00:00,19.85,19.85,19.55,19.55,21285700
2024-10-03 07:00:00,19.66,19.81,19.4,19.47,26798500
2024-10-04 07:00:00,19.47,19.7,19.4,19.47,17555300
2024-10-07 07:00:00,19.62,19.7,19.47,19.62,12466400
2024-10-08 07:00:00,19.62,20.14,19.59,20.03,38169900
2024-10-09 07:00:00,20.18,20.44,20.11,20.44,41613700
2024-10-10 07:00:00,20.52,20.59,20.26,20.26,23823900
2024-10-11 07:00:00,20.33,20.4,20.07,20.29,15761800
2024-10-14 07:00:00,20.33,20.4,20.11,20.11,17974700
2024-10-15 07:00:00,20.37,20.4,20.18,20.18,20160900
2024-10-16 07:00:00,20.18,20.29,20.14,20.14,11628300
2024-10-17 07:00:00,20.18,20.26,19.88,20.26,20560900
2024-10-18 07:00:00,20.26,20.29,20.03,20.03,16242400
2024-10-21 07:00:00,20.03,20.11,19.85,19.88,13894500
2024-10-22 07:00:00,19.81,19.96,19.7,19.81,18315000
2024-10-23 07:00:00,19.81,19.85,19.59,19.66,13607700
2024-10-24 07:00:00,19.7,19.85,19.59,19.66,15898900
2024-10-25 07:00:00,19.77,19.81,19.66,19.66,9445600
2024-10-28 07:00:00,19.7,20.03,19.7,19.88,11933000
2024-10-29 07:00:00,19.92,20.18,19.85,20.11,15733100
2024-10-30 07:00:00,20.11,20.14,19.92,20.07,11066500
2024-10-31 07:00:00,20.11,20.11,19.92,19.99,13325100
2024-11-01 07:00:00,19.92,19.96,19.66,19.73,13201400
2024-11-04 07:00:00,19.73,19.73,19.44,19.55,18309700
2024-11-05 07:00:00,19.55,19.73,19.47,19.7,8094800
2024-11-06 07:00:00,19.81,20.18,19.73,20.03,20992000
2024-11-07 07:00:00,20.14,20.29,20.03,20.03,15984800
2024-11-08 07:00:00,20.22,20.44,20.07,20.07,24762900
2024-11-11 07:00:00,20.11,20.59,20.03,20.59,40877500
2024-11-12 07:00:00,20.63,20.74,20.29,20.44,23963200
2024-11-13 07:00:00,20.22,20.37,19.96,20.11,22287600
2024-11-14 07:00:00,20.11,20.14,19.55,19.55,26564300
2024-11-15 07:00:00,19.55,19.59,19.25,19.25,27604300
2024-11-18 07:00:00,19.32,19.36,18.95,19.18,20599400
2024-11-19 07:00:00,19.21,19.32,18.92,18.92,15842800
2024-11-20 07:00:00,18.88,19.32,18.77,19.03,22750500
2024-11-21 07:00:00,19.07,19.29,18.99,19.21,12777100
2024-11-22 07:00:00,19.25,19.51,19.21,19.4,17266400
2024-11-25 07:00:00,19.4,19.55,19.36,19.55,12830400
2024-11-26 07:00:00,19.55,19.7,19.47,19.59,13180700
2024-11-27 07:00:00,19.59,19.66,19.4,19.55,7966600
2024-11-28 07:00:00,19.66,19.88,19.55,19.62,14131000
2024-11-29 07:00:00,19.66,19.88,19.55,19.88,13877300
2024-12-02 07:00:00,20.03,20.18,19.88,19.99,18575600
2024-12-03 07:00:00,19.96,20.07,19.77,20.07,15812100
2024-12-04 07:00:00,19.96,19.96,19.81,19.85,12508500
2024-12-05 07:00:00,19.85,20.7,19.62,20.7,44746700
2024-12-06 07:00:00,20.7,20.74,20.44,20.52,23751300
2024-12-09 07:00:00,20.55,20.74,20.44,20.55,15948700
2024-12-10 07:00:00,20.59,20.96,20.52,20.74,32689300
2024-12-11 07:00:00,20.74,20.92,20.52,20.63,17031500
2024-12-12 07:00:00,20.63,20.74,20.33,20.44,20965100
2024-12-13 07:00:00,20.29,20.37,20.14,20.22,17265900
2024-12-16 07:00:00,20.22,20.33,19.96,20.07,16652700
2024-12-17 07:00:00,20.07,20.14,19.96,20.07,10809400
2024-12-18 07:00:00,20.07,20.33,20.03,20.33,12794200
2024-12-19 07:00:00,20.07,20.18,19.92,19.96,30331800
2024-12-20 07:00:00,19.96,20.03,19.85,19.85,13746900
2024-12-23 07:00:00,19.88,20.11,19.88,20.07,12898800
2024-12-24 07:00:00,19.99,19.99,19.77,19.85,13462400
2024-12-25 07:00:00,19.88,20.18,19.88,20.18,17144300
2024-12-26 07:00:00,20.18,20.22,19.96,20.07,9975100
2024-12-27 07:00:00,20.07,20.07,19.92,19.96,11389200
2024-12-30 07:00:00,19.92,19.96,19.81,19.88,12168200
2024-12-31 07:00:00,19.88,19.88,19.77,19.81,10247400
2025-01-02 07:00:00,19.85,20.11,19.85,20.07,14961200
2025-01-03 07:00:00,19.99,20.07,19.77,19.77,13200100
2025-01-06 07:00:00,19.77,19.85,19.36,19.36,15250500
2025-01-07 07:00:00,19.44,19.62,19.36,19.36,14399600
2025-01-08 07:00:00,19.36,19.51,19.29,19.51,12957600
2025-01-09 07:00:00,19.55,19.55,19.25,19.32,9236900
2025-01-10 07:00:00,19.32,19.4,18.99,18.99,14273600
2025-01-13 07:00:00,18.99,19.36,18.92,19.25,13576000
2025-01-14 07:00:00,19.29,19.32,19.18,19.21,7660700
2025-01-15 07:00:00,19.32,19.51,19.25,19.47,11221600
2025-01-16 07:00:00,19.55,19.66,19.36,19.55,11206800
2025-01-17 07:00:00,19.55,19.7,19.4,19.7,13950100
2025-01-20 07:00:00,19.7,19.88,19.66,19.66,9654200
2025-01-21 07:00:00,19.77,19.77,19.47,19.55,10421500
2025-01-22 07:00:00,19.62,19.62,19.44,19.44,10280000
2025-01-23 07:00:00,19.47,19.88,19.44,19.81,15792000
2025-01-24 07:00:00,19.81,19.81,19.66,19.73,10401300
2025-02-03 07:00:00,19.7,19.77,19.51,19.62,16971700
2025-02-04 07:00:00,19.7,20.07,19.66,19.96,17358200
2025-02-05 07:00:00,19.96,20.07,19.88,19.92,14466500
2025-02-06 07:00:00,19.92,20.03,19.88,19.92,13535000
2025-02-07 07:00:00,19.92,19.92,19.77,19.81,12547400
2025-02-10 07:00:00,19.7,19.7,18.88,18.88,61096500
2025-02-11 07:00:00,18.92,19.4,18.92,19.4,28896000
2025-02-12 07:00:00,19.47,19.47,19.21,19.21,13651300
2025-02-13 07:00:00,19.29,19.32,19.21,19.25,9499100
2025-02-14 07:00:00,19.4,19.55,19.32,19.4,18580600
2025-02-17 07:00:00,19.44,19.51,19.36,19.44,14369400
2025-02-18 07:00:00,19.59,19.77,19.55,19.73,24939500
2025-02-19 07:00:00,19.77,19.77,19.62,19.7,13653000
2025-02-20 07:00:00,19.73,19.77,19.7,19.73,11910400
2025-02-21 07:00:00,19.73,19.77,19.62,19.66,11063800
2025-02-24 07:00:00,21.04,21.04,20.48,20.59,73891100
2025-02-25 07:00:00,20.52,20.59,20.22,20.44,31575300
2025-02-26 07:00:00,20.52,20.78,20.48,20.63,31819600
2025-02-27 07:00:00,20.66,21.15,20.52,21.15,51120800
2025-02-28 07:00:00,21.11,21.11,20.78,20.81,24214400
2025-03-03 07:00:00,20.85,21.0,20.81,20.85,20663700
2025-03-04 07:00:00,20.85,20.85,20.55,20.7,27424100
2025-03-05 07:00:00,20.7,20.74,20.48,20.48,30385500
2025-03-06 07:00:00,20.52,20.78,20.52,20.78,36975600
2025-03-07 07:00:00,20.81,20.89,20.63,20.85,33131200
2025-03-10 07:00:00,20.89,20.96,20.78,20.78,23580500
2025-03-11 07:00:00,20.52,20.92,20.52,20.92,26088500
2025-03-12 07:00:00,20.96,20.96,20.66,20.66,20641600
2025-03-13 07:00:00,20.7,20.85,20.59,20.59,24809400
2025-03-14 07:00:00,20.59,20.7,20.48,20.48,18279900
2025-03-17 07:00:00,20.74,20.92,20.63,20.7,19719700
2025-03-18 07:00:00,20.74,20.85,20.52,20.52,18741700
2025-03-19 07:00:00,20.52,20.52,20.14,20.26,37925600
2025-03-20 07:00:00,20.29,20.4,20.11,20.18,25022500
2025-03-21 07:00:00,20.14,20.26,20.11,20.18,18912200
2025-03-24 07:00:00,20.18,20.26,19.99,20.18,16229800
2025-03-25 07:00:00,20.26,20.37,20.14,20.22,20101000
2025-03-26 07:00:00,20.22,20.78,20.18,20.48,43980000
2025-03-27 07:00:00,20.59,20.59,20.4,20.44,12009700
2025-03-28 07:00:00,20.4,20.44,20.14,20.18,17070200
2025-03-31 07:00:00,20.11,20.14,19.88,19.88,26536400
2025-04-01 07:00:00,19.92,20.11,19.88,20.07,14018400
2025-04-02 07:00:00,20.18,20.37,20.14,20.26,16785400
2025-04-03 07:00:00,19.18,19.66,18.84,18.84,80695800
2025-04-04 07:00:00,17.54,18.47,17.54,18.28,73181200
2025-04-08 07:00:00,17.47,17.84,17.02,17.02,35443300
2025-04-09 07:00:00,15.83,16.58,15.83,15.83,77156800
2025-04-10 07:00:00,16.91,16.91,16.91,16.91,3062400
2025-04-11 07:00:00,17.99,18.06,17.47,18.06,76273700
2025-04-14 07:00:00,18.43,19.14,18.4,18.84,51203900
2025-04-15 07:00:00,18.69,19.44,18.62,19.21,50570600
2025-04-16 07:00:00,19.25,19.32,18.62,18.95,25705300
2025-04-17 07:00:00,18.73,19.03,18.43,18.95,24441000
2025-04-18 07:00:00,19.07,19.14,18.92,18.92,20765500
2025-04-21 07:00:00,18.92,18.92,18.55,18.55,17306200
2025-04-22 07:00:00,18.43,18.66,17.39,18.62,47447000
2025-04-23 07:00:00,18.95,19.1,18.84,18.99,22232700
2025-04-24 07:00:00,19.1,19.1,18.73,19.03,17212000
2025-04-25 07:00:00,18.92,19.1,18.77,19.1,24849000
2025-04-28 07:00:00,19.1,19.1,18.84,19.07,9757000
2025-04-29 07:00:00,19.07,19.1,18.88,18.95,14467400
2025-05-05 07:00:00,19.07,19.14,18.84,19.1,12548300
2025-05-06 07:00:00,19.14,19.36,18.92,18.92,20937300
2025-05-07 07:00:00,18.84,18.95,18.84,18.88,11501800
2025-05-08 07:00:00,18.88,19.21,18.8,19.1,19892200
2025-05-09 07:00:00,19.1,19.14,18.95,19.07,11008000
2025-05-12 07:00:00,18.99,19.14,18.4,18.88,64734900
2025-05-13 07:00:00,19.03,19.32,19.03,19.18,20304600
2025-05-14 07:00:00,19.25,19.73,19.21,19.44,34073700
2025-05-15 07:00:00,19.47,19.47,19.21,19.44,22616700
2025-05-16 07:00:00,19.44,19.47,19.18,19.18,16810600
2025-05-19 07:00:00,19.14,19.29,18.99,19.07,14995700
2025-05-20 07:00:00,19.03,19.18,19.03,19.07,17449000
2025-05-21 07:00:00,19.14,19.4,19.07,19.14,20150500
2025-05-22 07:00:00,19.14,19.29,18.99,19.07,24363700
2025-05-23 07:00:00,19.14,19.21,18.99,19.03,11096000
2025-05-26 07:00:00,19.07,19.07,18.62,18.99,27433800
2025-05-27 07:00:00,18.99,19.44,18.99,18.99,26892800
2025-05-28 07:00:00,19.14,19.25,18.99,19.03,15604800
2025-05-29 07:00:00,19.1,19.18,18.95,18.99,16434100
2025-05-30 07:00:00,19.07,19.81,19.07,19.14,64975400
2025-06-02 07:00:00,19.03,19.07,18.84,18.99,21933200
2025-06-03 07:00:00,19.18,19.47,19.14,19.32,31038500
2025-06-04 07:00:00,19.4,19.62,19.29,19.29,25685700
2025-06-05 07:00:00,19.32,19.36,19.1,19.14,18786300
2025-06-06 07:00:00,19.36,19.7,19.25,19.36,42244000
2025-06-09 07:00:00,19.4,19.62,19.29,19.55,24987900
2025-06-10 07:00:00,19.7,19.96,19.47,19.47,29410900
2025-06-11 07:00:00,19.55,19.59,19.32,19.4,16548100
2025-06-12 07:00:00,19.44,20.14,19.44,19.92,52217900
2025-06-13 07:00:00,19.77,19.88,19.55,19.62,38769800
2025-06-16 07:00:00,19.59,20.07,19.59,19.88,29735100
2025-06-17 07:00:00,19.99,20.14,19.88,19.96,26625600
2025-06-18 07:00:00,19.99,20.22,19.92,20.18,31468200
2025-06-19 07:00:00,20.18,20.22,19.92,19.99,23408200
2025-06-20 07:00:00,20.07,20.14,19.96,20.07,23416400
2025-06-23 07:00:00,19.96,20.07,19.77,19.96,22192800
2025-06-24 07:00:00,20.11,20.22,20.03,20.07,27870000
2025-06-25 07:00:00,20.14,20.4,20.03,20.22,38638800
2025-06-26 07:00:00,20.57,20.66,20.31,20.35,38371000
2025-06-27 07:00:00,20.48,20.48,20.31,20.4,16481800
2025-06-30 07:00:00,20.44,20.48,20.26,20.26,19885300
2025-07-01 07:00:00,20.31,20.44,20.17,20.22,19766000
2025-07-02 07:00:00,20.22,20.44,20.13,20.44,18902100
2025-07-03 07:00:00,20.53,21.11,20.53,20.62,42514500
2025-07-04 07:00:00,20.66,20.75,20.62,20.75,19401100
2025-07-07 07:00:00,21.16,21.16,20.89,21.06,35999600
2025-07-08 07:00:00,21.11,22.14,21.02,22.05,77477100
2025-07-09 07:00:00,22.14,22.4,21.96,22.09,43462900
2025-07-10 07:00:00,22.18,22.49,21.91,22.45,85282300
2025-07-11 07:00:00,22.54,23.43,22.36,23.21,65285300
2025-07-14 07:00:00,23.39,23.61,22.81,22.98,49438500
2025-07-15 07:00:00,23.03,23.21,22.76,22.76,46507000
2025-07-16 07:00:00,22.72,23.39,22.67,23.3,45893600
2025-07-17 07:00:00,23.39,23.52,23.12,23.21,56229600
2025-07-18 07:00:00,23.21,23.3,22.98,23.12,40723400
2025-07-21 07:00:00,23.56,24.1,23.3,23.39,55773600
2025-07-22 07:00:00,23.34,23.61,23.21,23.61,31504400
2025-07-23 07:00:00,23.7,24.06,23.56,23.56,43124000
2025-07-24 07:00:00,23.56,23.61,23.12,23.21,51907400
2025-07-25 07:00:00,23.21,23.48,23.12,23.25,51078400
2025-07-28 07:00:00,23.3,23.97,23.21,23.52,99592800
2025-07-29 07:00:00,23.61,23.74,22.63,22.63,82604800
2025-07-30 07:00:00,22.85,22.98,22.4,22.67,50186000
2025-07-31 07:00:00,22.72,22.85,22.09,22.27,85332500
2025-08-01 07:00:00,22.18,22.58,22.14,22.45,50798600
2025-08-04 07:00:00,22.4,22.72,22.27,22.58,37058100
2025-08-05 07:00:00,22.72,24.14,22.72,23.56,215999100
2025-08-06 07:00:00,23.88,24.72,23.79,24.19,96174200
2025-08-07 07:00:00,24.41,25.48,24.1,25.44,139119300
2025-08-08 07:00:00,25.53,25.57,24.64,24.99,121062500
2025-08-11 07:00:00,25.13,25.39,24.81,25.13,67223000
2025-08-12 07:00:00,25.3,25.98,25.13,25.44,84195900
2025-08-13 07:00:00,25.48,25.53,24.86,25.08,79765000
2025-08-14 07:00:00,25.17,25.39,24.99,25.17,76049900
2025-08-15 07:00:00,25.39,25.71,24.86,24.99,107927600
2025-08-18 07:00:00,25.26,25.71,25.17,25.35,69044400
2025-08-19 07:00:00,25.53,25.62,25.08,25.13,63021900
2025-08-20 07:00:00,25.17,25.22,24.14,24.46,101007400
2025-08-21 07:00:00,24.5,24.81,24.37,24.46,69981700
2025-08-22 07:00:00,24.06,24.19,23.21,23.21,132314200
2025-08-25 07:00:00,23.65,23.88,23.07,23.16,68320100
2025-08-26 07:00:00,23.3,24.28,23.3,24.28,51986200
2025-08-27 07:00:00,24.32,24.32,23.88,23.88,85992500
2025-08-28 07:00:00,24.06,24.55,23.97,24.19,63166300
2025-08-29 07:00:00,24.28,24.86,24.14,24.55,81735200
2025-09-03 07:00:00,24.46,25.88,24.32,25.13,119138500
2025-09-04 07:00:00,25.39,26.69,25.3,26.64,141435100
2025-09-05 07:00:00,26.78,26.87,25.71,25.71,95256400
2025-09-08 07:00:00,25.62,26.56,25.57,25.8,141768400
2025-09-09 07:00:00,26.06,26.11,25.17,25.75,73861200
2025-09-10 07:00:00,25.75,26.06,25.35,25.75,52455800
2025-09-11 07:00:00,25.62,26.06,24.99,26.02,71781900
2025-09-12 07:00:00,26.06,26.87,26.02,26.78,104621000
2025-09-15 07:00:00,27.0,27.54,26.87,27.09,88920500
2025-09-16 07:00:00,27.27,27.27,26.56,26.73,66855600
2025-09-17 07:00:00,26.69,27.0,26.06,26.06,124424600
2025-09-18 07:00:00,26.2,26.24,25.53,26.02,75687000
2025-09-19 07:00:00,26.15,26.24,25.71,26.11,45024800
2025-09-22 07:00:00,26.11,26.11,25.26,25.35,66073800
2025-09-23 07:00:00,25.48,25.75,25.39,25.57,24900000
2025-09-24 07:00:00,25.57,25.93,25.22,25.93,30738900
2025-09-25 07:00:00,26.02,26.15,25.66,25.71,34435400
2025-09-26 07:00:00,25.75,26.06,25.48,25.48,38128900
2025-09-29 07:00:00,25.48,25.8,25.35,25.53,38831200
2025-09-30 07:00:00,25.48,25.53,24.9,25.13,53737200
2025-10-01 07:00:00,25.26,25.44,25.08,25.26,29848500
2025-10-02 07:00:00,25.3,25.57,25.04,25.08,30165900
2025-10-03 07:00:00,25.08,25.08,24.41,24.68,58123500
2025-10-06 07:00:00,25.08,26.06,25.08,26.06,71269500
2025-10-07 07:00:00,26.06,26.2,25.88,25.88,41398600
2025-10-08 07:00:00,26.11,26.24,25.66,26.06,59953000
2025-10-09 07:00:00,26.24,26.24,25.75,25.84,42551700
2025-10-10 07:00:00,25.88,26.56,25.8,26.42,62702300
2025-10-13 07:00:00,25.93,26.11,25.75,25.88,80237700
2025-10-14 07:00:00,25.93,26.11,25.26,25.3,84307900
2025-10-15 07:00:00,25.35,25.62,25.17,25.22,34623200
2025-10-16 07:00:00,25.22,25.71,24.99,25.22,44715300
2025-10-17 07:00:00,25.26,25.57,24.99,24.99,46508200
2025-10-20 07:00:00,24.9,25.22,23.25,23.25,102963100
2025-10-21 07:00:00,23.48,24.1,23.21,23.92,74275800
2025-10-22 07:00:00,24.01,24.01,23.34,23.83,37268800
2025-10-23 07:00:00,23.88,24.1,23.65,23.65,23443400
2025-10-24 07:00:00,23.65,23.83,23.3,23.56,30587700
2025-10-27 07:00:00,23.88,23.97,23.43,23.43,27390800
2025-10-28 07:00:00,23.52,23.92,23.34,23.92,28512100
2025-10-29 07:00:00,24.01,24.59,24.01,24.32,39448900
2025-10-30 07:00:00,24.46,24.46,24.01,24.01,23693500
2025-10-31 07:00:00,24.01,24.19,23.83,23.83,19779100
2025-11-03 07:00:00,23.88,24.01,23.25,23.25,28356600
2025-11-04 07:00:00,23.34,23.97,23.16,23.88,37767100
2025-11-05 07:00:00,23.61,23.88,23.43,23.48,20835300
2025-11-06 07:00:00,23.52,23.65,23.3,23.3,21207600
2025-11-07 07:00:00,23.34,23.7,23.21,23.25,55100200
2025-11-10 07:00:00,23.39,23.88,23.3,23.61,48017900
2025-11-11 07:00:00,23.74,24.01,23.61,23.74,31332100
2025-11-12 07:00:00,23.79,24.19,23.79,24.1,30662900
2025-11-13 07:00:00,24.1,24.14,23.7,23.7,18927500
2025-11-14 07:00:00,23.65,24.06,23.65,24.01,22112200
2025-11-17 07:00:00,24.14,24.41,24.14,24.37,32158300
2025-11-18 07:00:00,24.32,24.64,24.23,24.55,35028300
2025-11-19 07:00:00,24.55,25.3,24.5,24.64,56320700
2025-11-20 07:00:00,24.72,24.81,24.23,24.32,23049300
2025-11-21 07:00:00,24.23,24.5,24.01,24.46,22607900
2025-11-24 07:00:00,24.46,24.59,24.19,24.19,14707800
2025-11-25 07:00:00,24.23,24.41,24.01,24.01,24346200
2025-11-26 07:00:00,24.06,24.28,23.97,24.19,19022200
2025-11-27 07:00:00,24.28,24.37,24.01,24.01,13956200
2025-11-28 07:00:00,24.01,24.14,23.7,23.7,20789300
2025-12-01 07:00:00,23.79,23.88,23.65,23.65,19747100
2025-12-02 07:00:00,23.7,23.79,23.39,23.65,26073200
2025-12-03 07:00:00,23.74,23.97,23.61,23.92,21527600
2025-12-04 07:00:00,24.06,24.5,24.01,24.37,35081200
2025-12-05 07:00:00,24.41,24.41,24.1,24.1,17662100
2025-12-08 07:00:00,24.01,24.19,23.88,23.88,21455600
2025-12-09 07:00:00,23.83,24.01,23.56,23.56,39911800
2025-12-10 07:00:00,23.79,24.1,23.74,23.79,19708000
2025-12-11 07:00:00,23.83,24.01,23.65,23.7,17142200
2025-12-12 07:00:00,23.74,23.83,23.21,23.21,37088200
2025-12-15 07:00:00,23.43,23.56,23.25,23.43,23939400
2025-12-16 07:00:00,23.52,24.06,23.43,23.83,29329900
2025-12-17 07:00:00,23.83,23.83,23.56,23.56,16546600
2025-12-18 07:00:00,23.56,23.7,23.43,23.56,18777900
2025-12-19 07:00:00,23.56,23.83,23.56,23.83,29580600
2025-12-22 07:00:00,23.83,24.19,23.74,24.01,54880900
2025-12-23 07:00:00,24.14,24.28,23.79,23.88,29588500
2025-12-24 07:00:00,23.97,23.97,23.65,23.7,23136900
2025-12-25 07:00:00,23.7,23.79,23.43,23.43,29780000
2025-12-26 07:00:00,24.19,24.72,23.79,24.01,94035000
2025-12-29 07:00:00,24.1,24.1,23.79,23.83,16525200
2025-12-30 07:00:00,23.83,23.97,23.65,23.65,24581900
2025-12-31 07:00:00,23.61,23.74,23.52,23.56,20149700
2026-01-05 07:00:00,23.56,23.7,22.94,23.16,46487900
2026-01-06 07:00:00,23.21,23.39,22.63,23.16,39616600
2026-01-07 07:00:00,23.16,23.88,23.16,23.74,37249700
2026-01-08 07:00:00,23.83,23.92,23.56,23.56,37518600
2026-01-09 07:00:00,23.92,23.92,23.39,23.39,35089300
2026-01-12 07:00:00,23.52,24.64,23.52,24.55,83534900
2026-01-13 07:00:00,24.77,24.9,24.1,24.32,45777400
2026-01-14 07:00:00,24.5,24.64,24.1,24.32,53908300
2026-01-15 07:00:00,24.32,24.9,24.32,24.64,61937700
2026-01-16 07:00:00,24.81,25.22,24.37,24.64,65577000
2026-01-19 07:00:00,24.9,25.17,24.68,24.72,40465900
2026-01-20 07:00:00,24.86,24.95,24.19,24.32,44169600
2026-01-21 07:00:00,24.23,24.32,23.79,23.92,37234300
2026-01-22 07:00:00,24.01,24.37,23.97,23.97,27732600
2026-01-23 07:00:00,24.19,24.23,23.88,23.88,24233600
2026-01-26 07:00:00,23.88,23.92,23.34,23.48,33759300
2026-01-27 07:00:00,23.52,23.7,23.39,23.61,21014200
2026-01-28 07:00:00,23.7,24.19,23.7,23.83,29982700
2026-01-29 07:00:00,23.92,24.19,23.92,24.19,27608700
2026-01-30 07:00:00,24.37,24.55,23.88,23.92,40558400
2026-02-02 07:00:00,23.92,23.92,23.43,23.7,44024300
2026-02-03 07:00:00,23.79,24.19,23.79,23.88,32029900
2026-02-04 07:00:00,23.97,25.53,23.97,25.26,145418100
2026-02-05 07:00:00,25.26,25.3,24.59,24.59,32887100
2026-02-06 07:00:00,24.41,25.08,23.92,23.92,67073000
2026-02-09 07:00:00,24.14,24.37,23.83,23.88,24310400
2026-02-10 07:00:00,24.01,24.06,23.56,23.7,32543400
2026-02-11 07:00:00,23.79,24.19,23.65,23.97,26495200
2026-02-12 07:00:00,24.1,24.19,23.88,24.01,13137000
2026-02-13 07:00:00,24.01,24.23,23.92,23.97,24069800
2026-02-23 07:00:00,24.19,24.55,24.19,24.55,36086500
2026-02-24 07:00:00,24.55,25.35,24.41,25.26,99498300
2026-02-25 07:00:00,25.35,26.51,25.35,26.15,136409200
2026-02-26 07:00:00,26.33,26.38,25.71,26.24,54496800
2026-02-27 07:00:00,26.2,26.24,25.71,25.71,47306500
2026-03-02 07:00:00,25.17,26.11,25.04,25.44,86907000
2026-03-03 07:00:00,25.71,25.75,24.64,24.72,69294100
2026-03-04 07:00:00,24.64,24.86,23.92,24.72,68275500
2026-03-05 07:00:00,24.95,25.13,24.19,24.32,47998900
2026-03-06 07:00:00,24.1,24.64,23.97,24.32,44351700
2026-03-09 07:00:00,22.76,23.34,22.63,22.63,120981900
2026-03-10 07:00:00,23.92,24.19,23.34,24.19,91236600
2026-03-11 07:00:00,24.23,24.68,24.06,24.46,49913200
2026-03-12 07:00:00,24.1,24.23,23.79,23.92,44045900
2026-03-13 07:00:00,23.83,24.28,23.65,23.79,28666500
2026-03-16 07:00:00,23.79,24.06,23.7,23.88,19880400
2026-03-17 07:00:00,24.1,24.41,24.01,24.01,24176300
2026-03-18 07:00:00,24.01,24.23,23.79,23.92,23058500
2026-03-19 07:00:00,23.65,23.97,23.52,23.83,36837300
2026-03-20 07:00:00,23.65,23.7,23.12,23.12,60885800
2026-03-23 07:00:00,22.9,23.39,22.54,22.76,44362900
2026-03-24 07:00:00,23.21,23.48,23.07,23.16,27778800
2026-03-25 07:00:00,23.48,23.56,23.3,23.52,22967100
2026-03-26 07:00:00,23.48,23.52,23.12,23.12,18424200
2026-03-27 07:00:00,23.16,23.83,23.07,23.65,26863700
2026-03-30 07:00:00,23.34,24.19,23.16,24.01,41276100
2026-03-31 07:00:00,24.14,24.32,23.92,24.01,23553000
2026-04-01 07:00:00,24.41,24.5,24.19,24.23,31503700
2026-04-02 07:00:00,24.1,24.55,23.88,24.41,50005700
2026-04-03 07:00:00,24.41,24.46,23.74,23.79,31383300
2026-04-06 07:00:00,23.79,24.19,23.74,23.97,19748100
2026-04-07 07:00:00,23.92,24.19,23.88,23.92,13164600
2026-04-08 07:00:00,24.55,25.04,24.46,24.99,67646600
2026-04-09 07:00:00,24.9,25.53,24.68,25.22,51607600
2026-04-10 07:00:00,25.53,25.53,24.99,24.99,35473400
2026-04-13 07:00:00,24.86,25.13,24.81,24.81,23005200
2026-04-14 07:00:00,25.08,25.71,24.95,25.48,61934200
2026-04-15 07:00:00,25.62,25.66,25.04,25.04,29753200
2026-04-16 07:00:00,25.04,25.17,24.77,24.95,27972100
2026-04-17 07:00:00,24.95,25.22,24.9,24.99,21399500
2026-04-20 07:00:00,25.13,25.39,25.04,25.39,26441700
2026-04-21 07:00:00,26.02,26.29,25.44,25.48,99647300
2026-04-22 07:00:00,25.48,25.62,25.04,25.17,27745600
2026-04-23 07:00:00,25.17,25.3,24.64,24.81,41133900
2026-04-24 07:00:00,24.9,24.95,24.55,24.9,23402000
2026-04-28 07:00:00,24.81,24.99,24.72,24.77,14071500
2026-04-29 07:00:00,24.68,24.9,24.64,24.77,17239200
2026-05-04 07:00:00,24.77,24.95,24.46,24.64,32374300
2026-05-05 07:00:00,24.68,24.72,24.28,24.37,30692800
2026-05-06 07:00:00,24.46,24.81,24.37,24.64,27672000
2026-05-07 07:00:00,24.81,24.9,24.64,24.77,20348100
2026-05-08 07:00:00,24.77,24.9,24.59,24.86,20678200
2026-05-11 07:00:00,25.0,25.0,24.54,24.54,23658100
2026-05-12 07:00:00,24.54,24.72,24.4,24.45,19170900
2026-05-13 07:00:00,24.5,24.77,24.36,24.63,21544700
2026-05-14 07:00:00,24.81,24.9,24.59,24.59,14047100
2026-05-15 07:00:00,24.59,24.63,24.04,24.13,75838200
2026-05-18 07:00:00,24.09,24.27,23.86,24.04,27485500
2026-05-19 07:00:00,24.09,24.22,23.86,23.86,25111900
2026-05-20 07:00:00,23.9,24.0,23.4,23.81,40983800
2026-05-21 07:00:00,23.95,24.27,23.9,24.13,30562500
2026-05-22 07:00:00,24.18,24.22,23.95,23.95,25794000
2026-05-25 07:00:00,24.25,24.35,24.1,24.1,26989100
2026-05-26 07:00:00,24.1,24.25,24.0,24.25,20723700
2026-05-27 07:00:00,24.4,24.5,24.15,24.15,23114500
2026-05-28 07:00:00,24.15,24.25,24.0,24.0,15668300
2026-05-29 07:00:00,24.05,24.2,23.9,24.0,16365900
2026-06-01 07:00:00,24.0,24.15,23.95,24.05,9668300
2026-06-02 07:00:00,24.0,24.05,23.7,23.7,25529600
2026-06-03 07:00:00,23.7,24.15,23.6,24.15,20573500
2026-06-04 07:00:00,24.15,24.15,23.9,23.95,10065300
2026-06-05 07:00:00,23.95,24.05,23.75,23.75,13891200
2026-06-08 07:00:00,23.65,23.75,23.3,23.3,22769900
2026-06-09 07:00:00,23.35,23.55,23.3,23.55,12441700
2026-06-10 07:00:00,23.55,23.7,23.45,23.6,7505500
